state,Ogt,Kgt,DP,AD_ref,AD_alt,GQ,FT,KS,nKgt,nState,nGQ
True,HET,HET,39,22,17,29,0,99.0,HET,True,13
True,HET,HET,40,21,19,26,0,100.0,HET,True,14
True,HET,HET,41,18,23,21,0,100.0,HET,True,14
True,HET,HET,16,5,11,11,0,98.0,HET,True,7
True,HET,HET,56,28,28,26,0,100.0,HET,True,14
True,HET,HET,45,17,28,17,0,99.0,HET,True,13
False,HET,REF,33,33,0,23,0,92.0,REF,False,3
True,HET,HET,29,20,9,18,0,100.0,HET,True,14
True,HET,HET,37,28,9,12,0,99.0,HET,True,8
True,HET,HET,44,19,25,20,0,100.0,HET,True,14
True,HET,HET,42,23,19,28,0,94.0,HET,True,13
True,HET,HET,40,20,20,25,0,100.0,HET,True,14
False,HET,REF,46,46,0,26,0,100.0,REF,False,3
True,HET,HET,30,21,9,17,0,100.0,HET,True,13
True,HET,HET,24,6,18,8,0,97.0,HET,True,6
False,HET,HOM,31,0,31,24,0,100.0,HOM,False,4
True,HET,HET,54,25,29,23,0,100.0,HET,True,14
False,HET,REF,46,46,0,26,0,94.0,REF,False,3
True,HET,HET,29,13,16,20,0,95.0,HET,True,14
False,HET,REF,12,12,0,16,0,98.0,REF,False,13
True,HET,HET,40,22,18,28,0,100.0,HET,True,13
True,HET,HET,38,19,19,24,0,96.0,HET,True,14
False,HET,REF,37,37,0,24,0,,REF,False,4
True,HET,HET,22,13,9,27,0,100.0,HET,True,14
True,HET,HET,13,5,8,14,0,100.0,HET,True,12
True,HET,HET,16,9,7,24,32,87.0,HET,True,14
True,HET,HET,58,24,34,20,0,100.0,HET,True,14
True,HET,HET,39,20,19,25,0,99.0,HET,True,14
True,HET,HET,27,16,11,28,0,97.0,HET,True,14
True,HET,HET,43,26,17,31,0,100.0,HET,True,11
True,HET,HET,35,16,19,21,0,100.0,HET,True,14
True,HET,HET,39,20,19,25,0,100.0,HET,True,14
True,HET,HET,51,29,22,30,0,100.0,HET,True,11
True,HET,HET,21,9,12,18,0,99.0,HET,True,13
True,HET,HET,21,10,11,21,0,100.0,HET,True,14
True,HET,HET,48,24,24,25,0,94.0,HET,True,14
False,HET,REF,27,27,0,22,0,92.0,REF,False,3
True,HET,HET,44,24,20,28,0,99.0,HET,True,13
True,HET,HET,34,14,20,18,0,100.0,HET,True,13
False,HET,REF,45,45,0,26,0,94.0,REF,False,3
True,HET,HET,39,23,16,31,0,99.0,HET,True,12
True,HET,HET,22,12,10,25,0,100.0,HET,True,14
False,HET,HOM,21,0,21,20,0,98.0,HOM,False,4
True,HET,HET,43,29,14,22,0,88.0,HET,True,14
True,HET,HET,27,15,12,27,0,100.0,HET,True,14
True,HET,HET,17,7,10,16,32,83.0,HET,True,13
False,HET,REF,47,47,0,26,0,99.0,REF,False,3
True,HET,HET,19,10,9,23,0,97.0,HET,True,14
True,HET,HET,43,20,23,23,0,100.0,HET,True,14
False,HET,HOM,17,0,17,19,0,95.0,HOM,False,14
True,HET,HET,60,29,31,25,0,98.0,HET,True,14
True,HET,HET,46,26,20,30,0,100.0,HET,True,12
True,HET,HET,41,21,20,26,0,95.0,HET,True,14
True,HET,HET,46,23,23,25,0,100.0,HET,True,14
True,HET,HET,24,11,13,20,0,100.0,HET,True,14
False,HET,REF,44,44,0,26,0,98.0,REF,False,3
True,HET,HET,19,10,9,23,0,93.0,HET,True,14
True,HET,HET,31,13,18,19,0,99.0,HET,True,14
True,HET,HET,46,26,20,30,0,100.0,HET,True,12
True,HET,HET,23,16,7,16,0,97.0,HET,True,13
True,HET,HET,52,24,28,23,0,100.0,HET,True,14
False,HET,REF,40,40,0,25,0,,REF,False,3
False,HET,REF,12,12,0,16,0,75.0,REF,False,13
True,HET,HET,21,7,14,12,0,93.0,HET,True,10
True,HET,HET,45,20,25,21,0,99.0,HET,True,14
True,HET,HET,44,24,20,28,0,93.0,HET,True,13
True,HET,HET,32,22,10,19,0,99.0,HET,True,14
True,HET,HET,50,25,25,25,0,98.0,HET,True,14
True,HET,HET,39,19,20,24,0,100.0,HET,True,14
True,HET,HET,32,15,17,22,0,100.0,HET,True,14
True,HET,HET,46,27,19,31,0,100.0,HET,True,11
True,HET,HET,29,12,17,18,0,99.0,HET,True,13
True,HET,HET,39,15,24,17,0,99.0,HET,True,13
True,HET,HET,46,17,29,16,0,99.0,HET,True,12
True,HET,HET,51,22,29,21,0,100.0,HET,True,14
False,HET,HOM,46,0,46,27,0,97.0,HOM,False,3
True,HET,HET,31,15,16,23,0,99.0,HET,True,14
False,HET,REF,45,45,0,26,0,99.0,REF,False,3
True,HET,HET,43,24,19,29,0,99.0,HET,True,13
True,HET,HET,35,19,16,27,0,99.0,HET,True,14
True,HET,HET,20,12,8,25,0,91.0,HET,True,14
True,HET,HET,19,8,11,17,0,97.0,HET,True,13
True,HET,HET,51,24,27,23,0,99.0,HET,True,14
True,HET,HET,44,20,24,22,0,99.0,HET,True,14
True,HET,HET,44,16,28,16,0,99.0,HET,True,12
False,HET,REF,54,54,0,27,0,97.0,REF,False,3
True,HET,HET,42,23,19,28,0,99.0,HET,True,13
True,HET,HET,32,15,17,22,0,100.0,HET,True,14
False,HET,REF,18,18,0,19,0,94.0,REF,False,14
True,HET,HET,16,11,5,15,0,98.0,HET,True,13
True,HET,HET,35,17,18,23,0,100.0,HET,True,14
True,HET,HET,50,24,26,24,0,100.0,HET,True,14
True,HET,HET,25,14,11,27,0,100.0,HET,True,14
True,HET,HET,21,12,9,27,0,99.0,HET,True,14
True,HET,HET,29,8,21,9,0,96.0,HET,True,5
True,HET,HET,24,15,9,24,0,96.0,HET,True,14
True,HET,HET,62,30,32,25,0,100.0,HET,True,14
False,HET,REF,25,25,0,21,0,94.0,REF,False,2
True,HET,HET,26,11,15,18,0,99.0,HET,True,14
True,HET,HET,34,15,19,20,0,100.0,HET,True,14
False,HET,REF,41,41,0,25,0,,REF,False,3
True,HET,HET,55,23,32,20,0,100.0,HET,True,14
True,HET,HET,43,21,22,24,0,95.0,HET,True,14
True,HET,HET,26,11,15,18,0,100.0,HET,True,14
False,HET,REF,30,30,0,23,0,97.0,REF,False,3
False,HET,HOM,22,0,22,21,0,93.0,HOM,False,2
True,HET,HET,22,16,6,13,0,100.0,HET,True,12
True,HET,HET,47,23,24,24,0,100.0,HET,True,14
True,HET,HET,22,12,10,25,0,100.0,HET,True,14
True,HET,HET,42,22,20,26,0,99.0,HET,True,14
True,HET,HET,34,18,16,26,0,95.0,HET,True,14
True,HET,HET,37,15,22,18,0,99.0,HET,True,13
True,HET,HET,62,36,26,32,0,99.0,HET,True,10
True,HET,HET,43,24,19,29,0,99.0,HET,True,13
True,HET,HET,42,21,21,25,0,100.0,HET,True,14
True,HET,HET,41,21,20,26,0,100.0,HET,True,14
True,HET,HET,15,13,2,2,59,87.0,HET,True,3
True,HET,HET,55,34,21,31,0,99.0,HET,True,8
True,HET,HET,38,16,22,19,0,100.0,HET,True,14
True,HET,HET,43,19,24,21,0,99.0,HET,True,14
True,HET,HET,26,19,7,13,0,99.0,HET,True,12
True,HET,HET,29,16,13,27,0,97.0,HET,True,14
False,HET,REF,17,17,0,18,0,98.0,REF,False,14
True,HET,HET,39,18,21,22,0,100.0,HET,True,14
False,HET,REF,47,47,0,26,0,,REF,False,3
True,HET,HET,36,22,14,29,0,99.0,HET,True,11
True,HET,HET,48,22,26,22,0,100.0,HET,True,14
True,HET,HET,50,29,21,31,0,99.0,HET,True,11
True,HET,HET,19,9,10,20,0,100.0,HET,True,14
True,HET,HET,26,14,12,26,0,98.0,HET,True,14
True,HET,HET,37,20,17,27,0,100.0,HET,True,14
True,HET,HET,31,14,17,21,0,90.0,HET,True,14
True,HET,HET,27,19,8,16,0,100.0,HET,True,13
False,HET,REF,34,34,0,24,0,,REF,False,2
False,HET,REF,25,25,0,21,0,97.0,REF,False,2
True,HET,HET,25,8,17,12,0,99.0,HET,True,8
True,HET,HET,42,17,25,18,0,99.0,HET,True,13
True,HET,HET,43,23,20,27,0,100.0,HET,True,14
True,HET,HET,54,24,30,22,0,93.0,HET,True,14
True,HET,HET,29,15,14,25,0,96.0,HET,True,14
False,HET,HOM,28,0,28,23,0,86.0,HOM,False,2
True,HET,HET,39,22,17,29,0,100.0,HET,True,13
True,HET,HET,31,12,19,17,0,99.0,HET,True,13
True,HET,HET,34,20,14,30,0,99.0,HET,True,12
True,HET,HET,14,10,4,12,16,95.0,HET,True,12
True,HET,HET,39,16,23,19,0,99.0,HET,True,14
False,HET,HOM,42,0,42,26,0,98.0,HOM,False,3
True,HET,HET,41,17,24,19,0,99.0,HET,True,14
False,HET,REF,29,29,0,22,0,80.0,REF,False,2
False,HET,REF,15,15,0,17,0,93.0,REF,False,14
True,HET,HET,34,22,12,24,0,99.0,HET,True,14
True,HET,HET,45,20,25,21,0,100.0,HET,True,14
True,HET,HET,45,19,26,20,0,99.0,HET,True,14
False,HET,REF,36,36,0,24,0,,REF,False,3
True,HET,HET,29,13,16,20,0,100.0,HET,True,14
True,HET,HET,60,29,31,25,0,99.0,HET,True,14
False,HET,REF,41,41,0,25,0,,REF,False,3
True,HET,HET,54,30,24,29,0,99.0,HET,True,12
True,HET,HET,21,12,9,27,0,93.0,HET,True,14
True,HET,HET,14,4,10,9,0,97.0,HET,True,6
False,HET,REF,34,34,0,24,0,94.0,REF,False,2
True,HET,HET,30,17,13,28,0,100.0,HET,True,14
False,HET,HOM,7,0,7,12,0,99.0,HOM,False,6
False,HET,REF,42,42,0,25,0,100.0,REF,False,3
True,HET,HET,35,18,17,25,0,99.0,HET,True,14
False,HET,HOM,17,0,17,19,0,97.0,HOM,False,14
False,HET,REF,26,26,0,22,0,96.0,REF,False,3
True,HET,HET,47,20,27,20,0,100.0,HET,True,14
True,HET,HET,44,21,23,23,0,100.0,HET,True,14
False,HET,REF,6,6,0,11,0,66.0,REF,False,5
True,HET,HET,36,14,22,17,0,100.0,HET,True,13
False,HET,REF,44,44,0,26,0,99.0,REF,False,3
True,HET,HET,22,13,9,27,0,98.0,HET,True,14
True,HET,HET,53,23,30,21,0,100.0,HET,True,14
True,HET,HET,37,16,21,20,32,90.0,HET,True,14
False,HET,REF,2,2,0,5,6,90.0,REF,False,4
True,HET,HET,56,36,20,28,0,100.0,HET,True,13
True,HET,HET,37,18,19,24,0,100.0,HET,True,14
True,HET,HET,45,19,26,20,0,100.0,HET,True,14
True,HET,HET,32,15,17,22,0,99.0,HET,True,14
False,HET,HOM,52,0,52,28,0,91.0,HOM,False,3
True,HET,HET,48,21,27,21,0,100.0,HET,True,14
True,HET,HET,46,18,28,18,0,100.0,HET,True,13
False,HET,REF,46,46,0,26,0,93.0,REF,False,3
False,HET,REF,49,49,0,27,0,99.0,REF,False,3
True,HET,HET,40,19,21,23,0,100.0,HET,True,14
True,HET,HET,28,17,11,27,0,100.0,HET,True,13
False,HET,REF,26,26,0,22,0,89.0,REF,False,3
True,HET,HET,32,15,17,22,0,98.0,HET,True,14
True,HET,HET,37,18,19,24,0,100.0,HET,True,14
False,HET,REF,55,55,0,28,0,100.0,REF,False,3
True,HET,HET,24,10,14,18,0,100.0,HET,True,13
True,HET,HET,9,5,4,20,16,99.0,HET,True,14
True,HET,HET,25,15,10,27,0,100.0,HET,True,14
False,HET,REF,36,36,0,24,0,88.0,REF,False,3
True,HET,HET,33,1,32,14,1,95.0,HOM,False,7
True,HET,HET,34,22,12,24,0,94.0,HET,True,14
True,HET,HET,20,10,10,22,0,96.0,HET,True,14
False,HET,REF,36,36,0,24,0,100.0,REF,False,3
True,HET,HET,49,22,27,22,0,100.0,HET,True,14
True,HET,HET,24,14,10,28,0,100.0,HET,True,14
False,HET,REF,53,53,0,27,0,84.0,REF,False,3
False,HET,REF,51,51,0,27,0,99.0,REF,False,3
True,HET,HET,30,15,15,24,0,100.0,HET,True,14
False,HET,REF,7,7,0,12,0,99.0,REF,False,6
False,HET,HOM,10,0,10,14,0,96.0,HOM,False,12
True,HET,HET,40,20,20,25,0,99.0,HET,True,14
False,HET,REF,48,48,0,26,0,100.0,REF,False,3
True,HET,HET,33,12,21,15,0,100.0,HET,True,12
True,HET,HET,37,16,21,20,0,99.0,HET,True,14
False,HET,REF,46,46,0,26,0,,REF,False,3
True,HET,HET,26,13,13,23,0,99.0,HET,True,14
True,HET,HET,33,17,16,25,0,96.0,HET,True,14
True,HET,HET,43,30,13,20,0,100.0,HET,True,14
True,HET,HET,25,13,12,24,0,99.0,HET,True,14
True,HET,HET,37,20,17,27,0,99.0,HET,True,14
False,HET,REF,43,43,0,26,0,,REF,False,3
True,HET,HET,33,17,16,25,0,100.0,HET,True,14
True,HET,HET,45,20,25,21,0,100.0,HET,True,14
True,HET,HET,47,16,31,14,0,99.0,HET,True,10
True,HET,HET,55,19,36,15,0,99.0,HET,True,11
False,HET,HOM,42,0,42,26,0,98.0,HOM,False,3
True,HET,HET,40,25,15,28,0,100.0,HET,True,12
True,HET,HET,37,12,25,13,0,99.0,HET,True,8
True,HET,HET,25,13,12,24,0,100.0,HET,True,14
True,HET,HET,36,17,19,22,32,89.0,HET,True,14
True,HET,HET,32,17,15,26,0,100.0,HET,True,14
False,HET,REF,1,1,0,3,6,98.0,REF,False,3
True,HET,HET,14,9,5,18,0,99.0,HET,True,14
True,HET,HET,45,23,22,26,0,99.0,HET,True,14
False,HET,REF,33,33,0,23,0,98.0,REF,False,3
True,HET,HET,24,10,14,18,0,94.0,HET,True,13
True,HET,HET,42,23,19,28,0,100.0,HET,True,13
False,HET,REF,25,25,0,21,0,,REF,False,2
False,HET,REF,24,24,0,21,0,92.0,REF,False,2
True,HET,HET,34,13,21,17,0,100.0,HET,True,13
True,HET,HET,16,10,6,20,0,100.0,HET,True,14
True,HET,HET,33,19,14,29,0,100.0,HET,True,13
True,HET,HET,30,15,15,24,0,97.0,HET,True,14
True,HET,HET,41,20,21,24,0,100.0,HET,True,14
True,HET,HET,36,16,20,21,0,99.0,HET,True,14
True,HET,HET,49,19,30,18,0,99.0,HET,True,13
True,HET,HET,18,8,10,18,0,100.0,HET,True,13
True,HET,HET,24,14,10,28,0,100.0,HET,True,14
True,HET,HET,48,30,18,29,0,100.0,HET,True,11
True,HET,HET,46,26,20,30,0,99.0,HET,True,12
True,HET,HET,29,12,17,18,0,99.0,HET,True,13
False,HET,REF,14,12,2,1,2,92.0,HET,True,4
True,HET,HET,33,18,15,27,0,100.0,HET,True,14
True,HET,HET,44,23,21,26,0,99.0,HET,True,14
True,HET,HET,6,2,4,9,16,99.0,HET,True,6
False,HET,REF,36,36,0,24,0,96.0,REF,False,3
True,HET,HET,34,19,15,28,0,100.0,HET,True,14
True,HET,HET,50,28,22,30,0,100.0,HET,True,12
True,HET,HET,34,21,13,28,0,100.0,HET,True,12
True,HET,HET,36,22,14,29,0,100.0,HET,True,11
True,HET,HET,22,8,14,14,0,99.0,HET,True,12
True,HET,HET,18,7,11,15,0,95.0,HET,True,12
True,HET,HET,30,13,17,19,0,96.0,HET,True,14
False,HET,HOM,27,0,27,23,0,93.0,HOM,False,3
True,HET,HET,36,18,18,24,0,100.0,HET,True,14
True,HET,HET,31,19,12,27,0,100.0,HET,True,12
True,HET,HET,51,21,30,19,0,100.0,HET,True,14
True,HET,HET,50,26,24,27,0,99.0,HET,True,14
True,HET,HET,56,22,34,18,0,99.0,HET,True,13
True,HET,HET,55,20,35,16,0,100.0,HET,True,12
True,HET,HET,35,21,14,30,0,100.0,HET,True,12
False,HET,REF,30,30,0,23,0,97.0,REF,False,3
True,HET,HET,44,18,26,19,0,99.0,HET,True,14
True,HET,HET,53,16,37,12,0,99.0,HET,True,5
True,HET,HET,17,9,8,23,0,98.0,HET,True,14
False,HET,HOM,9,0,9,14,0,92.0,HOM,False,11
False,HET,REF,41,41,0,25,0,,REF,False,3
True,HET,HET,36,19,17,26,0,100.0,HET,True,14
True,HET,HET,50,24,26,24,0,93.0,HET,True,14
True,HET,HET,24,12,12,23,0,98.0,HET,True,14
True,HET,HET,33,15,18,21,0,99.0,HET,True,14
True,HET,HET,42,20,22,23,0,100.0,HET,True,14
False,HET,REF,45,45,0,26,0,88.0,REF,False,3
True,HET,HET,44,22,22,25,0,100.0,HET,True,14
False,HET,HOM,36,0,36,25,0,95.0,HOM,False,3
True,HET,HET,38,24,14,27,0,99.0,HET,True,13
True,HET,HET,43,20,23,23,0,100.0,HET,True,14
True,HET,HET,50,22,28,21,0,100.0,HET,True,14
True,HET,HET,9,4,5,15,0,99.0,HET,True,12
True,HET,HET,40,16,24,18,0,99.0,HET,True,13
True,HET,HET,56,27,29,24,0,99.0,HET,True,14
True,HET,HET,26,9,17,14,0,88.0,HET,True,11
False,HET,REF,29,29,0,22,0,80.0,REF,False,2
True,HET,HET,51,24,27,23,0,100.0,HET,True,14
False,HET,REF,15,15,0,17,0,95.0,REF,False,14
True,HET,HET,38,15,23,18,0,99.0,HET,True,13
True,HET,HET,51,22,29,21,0,99.0,HET,True,14
True,HET,HET,53,30,23,30,0,100.0,HET,True,11
True,HET,HET,39,14,25,15,32,88.0,HET,True,12
False,HET,HOM,6,0,6,11,32,66.0,HOM,False,5
True,HET,HET,47,28,19,32,0,100.0,HET,True,11
True,HET,HET,35,17,18,23,0,100.0,HET,True,14
False,HET,REF,48,48,0,26,0,,REF,False,3
True,HET,HET,22,9,13,17,0,97.0,HET,True,13
False,HET,REF,32,32,0,23,0,,REF,False,4
False,HET,REF,60,60,0,28,0,91.0,REF,False,3
False,HET,REF,20,20,0,19,0,,REF,False,11
False,HET,HOM,25,0,25,22,0,93.0,HOM,False,3
True,HET,HET,40,26,14,25,0,100.0,HET,True,14
True,HET,HET,20,8,12,16,0,95.0,HET,True,13
True,HET,HET,25,10,15,17,0,99.0,HET,True,13
True,HET,HET,52,25,27,24,0,98.0,HET,True,14
True,HET,HET,41,15,26,16,0,100.0,HET,True,12
True,HET,HET,29,14,15,22,0,98.0,HET,True,14
False,HET,REF,17,17,0,18,0,100.0,REF,False,14
True,HET,HET,45,22,23,24,0,97.0,HET,True,14
True,HET,HET,32,12,20,16,0,100.0,HET,True,13
True,HET,HET,48,20,28,20,0,100.0,HET,True,14
False,HET,REF,40,40,0,25,0,,REF,False,3
True,HET,HET,20,8,12,16,0,99.0,HET,True,13
True,HET,HET,31,12,19,17,0,96.0,HET,True,13
True,HET,HET,45,23,22,26,0,99.0,HET,True,14
True,HET,HET,43,19,24,21,0,99.0,HET,True,14
True,HET,HET,38,24,14,27,0,93.0,HET,True,13
True,HET,HET,20,11,9,25,0,99.0,HET,True,14
True,HET,HET,18,8,10,18,0,99.0,HET,True,13
True,HET,HET,23,13,10,27,0,100.0,HET,True,14
True,HET,HET,50,26,24,27,0,100.0,HET,True,14
False,HET,REF,33,33,0,23,0,99.0,REF,False,3
True,HET,HET,38,17,21,21,0,99.0,HET,True,14
True,HET,HET,41,28,13,21,0,97.0,HET,True,14
False,HET,REF,34,34,0,24,0,,REF,False,2
False,HET,REF,49,49,0,27,0,,REF,False,3
True,HET,HET,49,20,29,19,0,99.0,HET,True,14
True,HET,HET,24,11,13,20,0,98.0,HET,True,14
True,HET,HET,28,17,11,27,32,90.0,HET,True,13
True,HET,HET,42,23,19,28,0,99.0,HET,True,13
True,HET,HET,46,20,26,21,0,100.0,HET,True,14
False,HET,REF,54,54,0,27,0,100.0,REF,False,3
True,HET,HET,38,17,21,21,0,97.0,HET,True,14
True,HET,HET,49,24,25,25,0,97.0,HET,True,14
True,HET,HET,34,18,16,26,0,97.0,HET,True,14
True,HET,HET,48,17,31,15,0,99.0,HET,True,12
False,HET,REF,38,38,0,25,0,,REF,False,3
True,HET,HET,30,12,18,17,0,96.0,HET,True,13
True,HET,HET,42,22,20,26,0,100.0,HET,True,14
False,HET,REF,31,31,0,23,0,,REF,False,4
True,HET,HET,40,15,25,16,0,99.0,HET,True,13
True,HET,HET,58,28,30,24,0,100.0,HET,True,14
True,HET,HET,25,12,13,22,0,100.0,HET,True,14
True,HET,HET,26,15,11,28,0,100.0,HET,True,14
True,HET,HET,36,17,19,22,0,100.0,HET,True,14
True,HET,HET,63,23,40,16,0,100.0,HET,True,12
True,HET,HET,8,7,1,2,27,95.0,HET,True,4
True,HET,HET,26,16,10,26,0,100.0,HET,True,14
True,HET,HET,19,8,11,17,0,98.0,HET,True,13
True,HET,HET,27,14,13,24,0,92.0,HET,True,14
True,HET,HET,41,24,17,31,0,98.0,HET,True,12
True,HET,HET,50,22,28,21,0,100.0,HET,True,14
True,HET,HET,51,28,23,29,0,100.0,HET,True,12
True,HET,HET,28,14,14,23,0,100.0,HET,True,14
True,HET,HET,21,15,6,14,0,99.0,HET,True,13
True,HET,HET,25,19,6,10,0,99.0,HET,True,8
False,HET,HOM,35,0,35,25,0,90.0,HOM,False,4
False,HET,REF,30,30,0,23,0,,REF,False,3
True,HET,HET,36,21,15,30,0,100.0,HET,True,12
True,HET,HET,15,8,7,22,0,100.0,HET,True,14
True,HET,HET,32,16,16,24,0,100.0,HET,True,14
True,HET,HET,54,27,27,25,0,99.0,HET,True,14
True,HET,HET,50,18,32,16,0,100.0,HET,True,12
False,HET,REF,46,46,0,26,0,100.0,REF,False,3
True,HET,HET,32,17,15,26,0,100.0,HET,True,14
False,HET,REF,20,20,0,19,0,89.0,REF,False,11
True,HET,HET,69,44,25,30,0,100.0,HET,True,11
True,HET,HET,19,8,11,17,0,97.0,HET,True,13
True,HET,HET,36,15,21,19,0,100.0,HET,True,14
False,HET,REF,45,45,0,26,0,97.0,REF,False,3
True,HET,HET,38,18,20,23,0,100.0,HET,True,14
False,HET,HOM,34,0,34,25,0,95.0,HOM,False,3
True,HET,HET,53,35,18,25,0,99.0,HET,True,14
True,HET,HET,48,24,24,25,0,100.0,HET,True,14
True,HET,HET,20,11,9,25,0,99.0,HET,True,14
True,HET,HET,42,18,24,20,0,96.0,HET,True,14
True,HET,HET,33,16,17,23,0,100.0,HET,True,14
True,HET,HET,51,28,23,29,0,99.0,HET,True,12
False,HET,REF,55,55,0,28,0,100.0,REF,False,3
True,HET,HET,48,27,21,30,0,99.0,HET,True,12
False,HET,REF,40,40,0,25,0,,REF,False,3
False,HET,REF,6,6,0,11,0,61.0,REF,False,5
True,HET,HET,44,18,26,19,0,93.0,HET,True,14
True,HET,HET,8,5,3,14,16,99.0,HET,True,13
True,HET,HET,44,24,20,28,0,100.0,HET,True,13
True,HET,HET,40,22,18,28,0,100.0,HET,True,13
True,HET,HET,29,14,15,22,0,96.0,HET,True,14
True,HET,HET,3,1,2,7,20,97.0,HET,True,5
True,HET,HET,42,17,25,18,0,100.0,HET,True,13
True,HET,HET,11,7,4,16,16,99.0,HET,True,14
True,HET,HET,46,24,22,27,0,100.0,HET,True,14
True,HET,HET,41,21,20,26,0,100.0,HET,True,14
False,HET,HOM,42,0,42,26,0,92.0,HOM,False,3
True,HET,HET,16,3,13,3,2,96.0,HET,True,4
True,HET,HET,22,11,11,22,0,99.0,HET,True,14
True,HET,HET,29,15,14,25,0,99.0,HET,True,14
True,HET,HET,32,19,13,30,0,100.0,HET,True,13
False,HET,REF,45,45,0,26,0,94.0,REF,False,3
True,HET,HET,33,17,16,25,0,100.0,HET,True,14
True,HET,HET,25,12,13,22,0,96.0,HET,True,14
False,HET,REF,50,45,5,5,0,99.0,REF,False,13
False,HET,REF,56,56,0,28,0,,REF,False,3
False,HET,REF,39,39,0,25,0,89.0,REF,False,3
True,HET,HET,26,15,11,28,0,100.0,HET,True,14
False,HET,REF,41,41,0,25,0,100.0,REF,False,3
True,HET,HET,50,18,32,16,0,99.0,HET,True,12
True,HET,HET,28,13,15,21,0,99.0,HET,True,14
False,HET,REF,35,35,0,24,0,,REF,False,3
True,HET,HET,42,19,23,22,0,97.0,HET,True,14
True,HET,HET,47,21,26,21,0,100.0,HET,True,14
True,HET,HET,40,22,18,28,0,99.0,HET,True,13
True,HET,HET,43,23,20,27,0,96.0,HET,True,14
True,HET,HET,21,16,5,9,0,99.0,HET,True,8
False,HET,REF,6,6,0,11,0,61.0,REF,False,5
True,HET,HET,8,6,2,6,16,96.0,HET,True,8
True,HET,HET,41,20,21,24,0,100.0,HET,True,14
True,HET,HET,25,12,13,22,0,96.0,HET,True,14
True,HET,HET,45,26,19,31,0,100.0,HET,True,11
True,HET,HET,51,28,23,29,0,100.0,HET,True,12
True,HET,HET,21,7,14,12,0,98.0,HET,True,10
True,HET,HET,35,21,14,30,0,100.0,HET,True,12
True,HET,HET,7,5,2,8,16,98.0,HET,True,10
True,HET,HET,49,21,28,20,0,100.0,HET,True,14
True,HET,HET,29,20,9,18,0,99.0,HET,True,14
True,HET,HET,35,12,23,14,0,100.0,HET,True,11
True,HET,HET,53,31,22,32,0,99.0,HET,True,10
True,HET,HET,45,24,21,27,0,99.0,HET,True,14
True,HET,HET,25,11,14,19,0,94.0,HET,True,14
True,HET,HET,44,21,23,23,0,100.0,HET,True,14
True,HET,HET,44,19,25,20,0,99.0,HET,True,14
True,HET,HET,38,23,15,30,0,100.0,HET,True,11
True,HET,HET,51,23,28,22,0,100.0,HET,True,14
True,HET,HET,48,28,20,31,0,100.0,HET,True,11
True,HET,HET,28,10,18,15,0,100.0,HET,True,12
True,HET,HET,37,22,15,31,0,100.0,HET,True,12
False,HET,REF,38,38,0,25,0,99.0,REF,False,3
True,HET,HET,54,38,16,20,0,100.0,HET,True,13
True,HET,HET,48,28,20,31,0,99.0,HET,True,11
True,HET,HET,35,11,24,12,0,99.0,HET,True,7
False,HET,REF,45,45,0,26,0,,REF,False,3
True,HET,HET,44,21,23,23,0,99.0,HET,True,14
True,HET,HET,34,18,16,26,0,100.0,HET,True,14
True,HET,HET,34,15,19,20,0,95.0,HET,True,14
True,HET,HET,17,9,8,23,0,100.0,HET,True,14
False,HET,REF,32,32,0,23,0,,REF,False,4
True,HET,HET,20,10,10,22,0,95.0,HET,True,14
True,HET,HET,32,11,21,14,0,94.0,HET,True,11
False,HET,REF,27,27,0,22,0,99.0,REF,False,3
True,HET,HET,38,20,18,26,0,99.0,HET,True,14
True,HET,HET,37,19,18,25,0,100.0,HET,True,14
False,HET,REF,33,33,0,23,0,99.0,REF,False,3
True,HET,HET,31,12,19,17,0,99.0,HET,True,13
True,HET,HET,44,22,22,25,0,97.0,HET,True,14
True,HET,HET,54,24,30,22,0,99.0,HET,True,14
True,HET,HET,29,9,20,12,0,91.0,HET,True,7
True,HET,HET,28,12,16,19,0,100.0,HET,True,14
True,HET,HET,44,19,25,20,0,97.0,HET,True,14
True,HET,HET,41,15,26,16,0,95.0,HET,True,12
True,HET,HET,49,23,26,23,0,100.0,HET,True,14
True,HET,HET,18,11,7,23,0,99.0,HET,True,14
False,HET,REF,36,36,0,24,0,88.0,REF,False,3
True,HET,HET,53,27,26,26,0,96.0,HET,True,14
True,HET,HET,29,23,6,7,0,99.0,HET,True,5
True,HET,HET,42,20,22,23,0,99.0,HET,True,14
True,HET,HET,34,20,14,30,0,99.0,HET,True,12
True,HET,HET,43,22,21,26,0,100.0,HET,True,14
True,HET,HET,51,29,22,30,0,100.0,HET,True,11
True,HET,HET,25,15,10,27,0,99.0,HET,True,14
False,HET,REF,27,27,0,22,0,,REF,False,3
False,HET,REF,30,30,0,23,0,,REF,False,3
True,HET,HET,21,14,7,19,0,99.0,HET,True,14
True,HET,HET,56,26,30,23,32,89.0,HET,True,14
False,HET,REF,50,50,0,27,0,100.0,REF,False,3
False,HET,REF,38,38,0,25,0,94.0,REF,False,3
True,HET,HET,43,21,22,24,0,100.0,HET,True,14
False,HET,HOM,21,0,21,20,0,96.0,HOM,False,4
True,HET,HET,46,28,18,31,0,96.0,HET,True,10
True,HET,HET,19,12,7,21,0,96.0,HET,True,14
True,HET,HET,38,18,20,23,0,98.0,HET,True,14
False,HET,REF,18,18,0,19,0,78.0,REF,False,14
True,HET,HET,17,8,9,20,0,100.0,HET,True,14
True,HET,HET,67,34,33,27,0,100.0,HET,True,14
True,HET,HET,41,18,23,21,0,95.0,HET,True,14
False,HET,HOM,22,0,22,21,0,93.0,HOM,False,2
False,HET,REF,41,41,0,25,0,,REF,False,3
False,HET,REF,48,48,0,26,0,98.0,REF,False,3
True,HET,HET,20,8,12,16,0,100.0,HET,True,13
True,HET,HET,44,19,25,20,0,100.0,HET,True,14
True,HET,HET,48,21,27,21,0,93.0,HET,True,14
False,HET,REF,24,24,0,21,0,95.0,REF,False,2
True,HET,HET,26,16,10,26,0,100.0,HET,True,14
True,HET,HET,44,22,22,25,0,100.0,HET,True,14
True,HET,HET,42,20,22,23,0,94.0,HET,True,14
True,HET,HET,46,24,22,27,0,100.0,HET,True,14
True,HET,HET,32,18,14,28,0,96.0,HET,True,14
True,HET,HET,44,29,15,24,0,100.0,HET,True,14
True,HET,HET,34,14,20,18,0,95.0,HET,True,13
True,HET,HET,51,21,30,19,0,99.0,HET,True,14
True,HET,HET,37,14,23,16,0,99.0,HET,True,13
True,HET,HET,34,12,22,15,0,100.0,HET,True,12
True,HET,HET,53,27,26,26,0,99.0,HET,True,14
False,HET,HOM,20,0,20,20,0,93.0,HOM,False,8
True,HET,HET,31,25,6,6,0,99.0,HET,True,6
True,HET,HET,23,17,6,12,0,100.0,HET,True,12
True,HET,HET,30,17,13,28,0,99.0,HET,True,14
False,HET,REF,49,49,0,27,0,99.0,REF,False,3
True,HET,HET,15,5,10,12,0,100.0,HET,True,9
False,HET,REF,59,59,0,28,0,,REF,False,3
True,HET,HET,30,14,16,22,0,100.0,HET,True,14
True,HET,HET,34,19,15,28,0,99.0,HET,True,14
True,HET,HET,39,16,23,19,0,100.0,HET,True,14
True,HET,HET,30,10,20,13,32,89.0,HET,True,10
False,HET,REF,21,21,0,20,0,99.0,REF,False,7
True,HET,HET,37,19,18,25,0,99.0,HET,True,14
True,HET,HET,37,19,18,25,0,100.0,HET,True,14
True,HET,HET,50,27,23,28,0,99.0,HET,True,13
True,HET,HET,31,15,16,23,0,99.0,HET,True,14
True,HET,HET,43,16,27,16,0,100.0,HET,True,13
True,HET,HET,56,29,27,27,0,99.0,HET,True,14
True,HET,HET,58,29,29,26,0,99.0,HET,True,14
False,HET,HOM,27,0,27,23,0,92.0,HOM,False,3
True,HET,HET,63,30,33,24,0,100.0,HET,True,14
True,HET,HET,44,25,19,30,0,100.0,HET,True,12
True,HET,HET,56,29,27,27,0,99.0,HET,True,14
False,HET,HOM,39,1,38,16,0,89.0,HOM,False,3
True,HET,HET,21,13,8,23,0,98.0,HET,True,14
True,HET,HET,22,8,14,14,0,99.0,HET,True,12
True,HET,HET,46,27,19,31,0,99.0,HET,True,11
True,HET,HET,49,28,21,30,0,99.0,HET,True,11
True,HET,HET,22,7,15,12,0,94.0,HET,True,8
False,HET,REF,36,36,0,24,0,,REF,False,3
True,HET,HET,43,17,26,18,0,95.0,HET,True,13
True,HET,HET,23,12,11,24,0,96.0,HET,True,14
False,HET,HOM,17,0,17,19,0,95.0,HOM,False,14
True,HET,HET,23,10,13,19,0,94.0,HET,True,14
True,HET,HET,41,22,19,27,0,92.0,HET,True,14
True,HET,HET,43,19,24,21,0,100.0,HET,True,14
True,HET,HET,40,21,19,26,0,99.0,HET,True,14
True,HET,HET,30,11,19,15,0,99.0,HET,True,12
True,HET,HET,31,15,16,23,0,99.0,HET,True,14
True,HET,HET,30,17,13,28,0,100.0,HET,True,14
False,HET,REF,17,17,0,18,0,,REF,False,14
True,HET,HET,38,21,17,28,0,100.0,HET,True,13
True,HET,HET,37,18,19,24,0,100.0,HET,True,14
True,HET,HET,44,20,24,22,0,98.0,HET,True,14
False,HET,REF,25,25,0,21,0,97.0,REF,False,2
False,HET,HOM,16,0,16,18,0,100.0,HOM,False,14
False,HET,HOM,42,0,42,26,0,97.0,HOM,False,3
True,HET,HET,33,18,15,27,0,100.0,HET,True,14
True,HET,HET,28,15,13,26,0,100.0,HET,True,14
True,HET,HET,40,29,11,16,0,97.0,HET,True,12
True,HET,HET,37,17,20,22,0,100.0,HET,True,14
True,HET,HET,29,12,17,18,0,99.0,HET,True,13
False,HET,REF,34,34,0,24,0,91.0,REF,False,2
True,HET,HET,51,32,19,29,0,99.0,HET,True,11
True,HET,HET,35,22,13,26,0,100.0,HET,True,13
True,HET,HET,46,25,21,28,0,100.0,HET,True,13
True,HET,HET,16,4,12,7,0,99.0,HET,True,5
True,HET,HET,34,17,17,24,0,99.0,HET,True,14
False,HET,REF,2,2,0,5,6,98.0,REF,False,4
True,HET,HET,58,27,31,23,0,100.0,HET,True,14
True,HET,HET,47,22,25,23,0,93.0,HET,True,14
True,HET,HET,16,8,8,21,0,97.0,HET,True,14
True,HET,HET,33,18,15,27,0,100.0,HET,True,14
True,HET,HET,40,21,19,26,0,100.0,HET,True,14
True,HET,HET,55,28,27,26,0,99.0,HET,True,14
True,HET,HET,30,15,15,24,0,97.0,HET,True,14
True,HET,HET,50,26,24,27,0,97.0,HET,True,14
True,HET,HET,29,8,21,9,0,95.0,HET,True,5
True,HET,HET,6,4,2,10,16,99.0,HET,True,12
True,HET,HET,50,30,20,33,0,100.0,HET,True,10
True,HET,HET,29,11,18,16,0,97.0,HET,True,13
True,HET,HET,43,19,24,21,0,99.0,HET,True,14
True,HET,HET,8,6,2,6,16,99.0,HET,True,8
False,HET,REF,22,22,0,20,0,96.0,REF,False,4
False,HET,REF,31,31,0,23,0,,REF,False,4
True,HET,HET,51,22,29,21,0,100.0,HET,True,14
True,HET,HET,55,31,24,30,0,100.0,HET,True,11
True,HET,HET,35,14,21,18,0,100.0,HET,True,13
True,HET,HET,49,26,23,27,0,98.0,HET,True,13
True,HET,HET,21,11,10,24,0,99.0,HET,True,14
True,HET,HET,19,4,15,5,2,95.0,HET,True,5
False,HET,HOM,21,0,21,20,0,99.0,HOM,False,4
False,HET,REF,15,15,0,17,0,95.0,REF,False,14
True,HET,HET,57,29,28,26,0,100.0,HET,True,14
True,HET,HET,20,14,6,15,0,99.0,HET,True,13
True,HET,HET,49,26,23,27,0,99.0,HET,True,13
True,HET,HET,44,27,17,30,0,96.0,HET,True,10
True,HET,HET,24,14,10,28,0,98.0,HET,True,14
True,HET,HET,24,11,13,20,0,99.0,HET,True,14
True,HET,HET,57,24,33,20,0,95.0,HET,True,14
True,HET,HET,45,26,19,31,0,96.0,HET,True,11
True,HET,HET,39,16,23,19,0,100.0,HET,True,14
True,HET,HET,32,11,21,14,0,97.0,HET,True,11
True,HET,HET,36,21,15,30,0,97.0,HET,True,12
True,HET,HET,47,26,21,29,32,89.0,HET,True,12
True,HET,HET,42,13,29,12,0,100.0,HET,True,6
True,HET,HET,51,30,21,32,0,100.0,HET,True,11
True,HET,HET,34,15,19,20,0,100.0,HET,True,14
True,HET,HET,16,5,11,11,0,98.0,HET,True,7
False,HET,REF,41,41,0,25,0,,REF,False,3
True,HET,HET,41,16,25,17,0,100.0,HET,True,13
True,HET,HET,37,13,24,15,0,99.0,HET,True,12
False,HET,REF,48,45,3,11,0,94.0,REF,False,13
False,HET,REF,38,38,0,25,0,,REF,False,3
False,HET,REF,25,25,0,21,0,92.0,REF,False,2
True,HET,HET,46,24,22,27,0,100.0,HET,True,14
True,HET,HET,56,32,24,31,0,99.0,HET,True,11
True,HET,HET,49,20,29,19,0,100.0,HET,True,14
True,HET,HET,49,14,35,11,0,97.0,HET,True,5
True,HET,HET,33,12,21,15,0,99.0,HET,True,12
False,HET,HOM,1,0,1,3,22,98.0,HOM,False,3
True,HET,HET,44,21,23,23,0,100.0,HET,True,14
True,HET,HET,45,20,25,21,0,100.0,HET,True,14
True,HET,HET,20,11,9,25,0,97.0,HET,True,14
True,HET,HET,27,10,17,15,0,100.0,HET,True,12
True,HET,HET,44,17,27,17,0,100.0,HET,True,13
True,HET,HET,47,25,22,27,0,100.0,HET,True,14
True,HET,HET,46,26,20,30,0,100.0,HET,True,12
True,HET,HET,15,7,8,19,0,99.0,HET,True,14
True,HET,HET,34,20,14,30,0,99.0,HET,True,12
True,HET,HET,23,12,11,24,0,100.0,HET,True,14
True,HET,HET,21,12,9,27,0,95.0,HET,True,14
True,HET,HET,34,16,18,22,0,99.0,HET,True,14
True,HET,HET,45,24,21,27,0,100.0,HET,True,14
True,HET,HET,41,27,14,24,0,100.0,HET,True,14
False,HET,REF,16,16,0,18,0,97.0,REF,False,14
True,HET,HET,11,4,7,12,0,99.0,HET,True,10
True,HET,HET,25,11,14,19,0,99.0,HET,True,14
False,HET,REF,42,42,0,25,0,100.0,REF,False,3
True,HET,HET,31,13,18,19,0,99.0,HET,True,14
True,HET,HET,48,25,23,27,0,99.0,HET,True,14
True,HET,HET,26,10,16,16,0,99.0,HET,True,13
True,HET,HET,38,18,20,23,0,99.0,HET,True,14
True,HET,HET,40,20,20,25,0,100.0,HET,True,14
True,HET,HET,33,15,18,21,0,96.0,HET,True,14
True,HET,HET,49,30,19,31,0,100.0,HET,True,9
True,HET,HET,36,21,15,30,0,100.0,HET,True,12
True,HET,HET,51,24,27,23,0,99.0,HET,True,14
True,HET,HET,31,15,16,23,0,100.0,HET,True,14
True,HET,HET,20,14,6,15,0,99.0,HET,True,13
True,HET,HET,16,7,9,18,0,100.0,HET,True,13
True,HET,HET,29,17,12,29,0,97.0,HET,True,13
True,HET,HET,40,20,20,25,0,100.0,HET,True,14
True,HET,HET,31,16,15,25,0,100.0,HET,True,14
True,HET,HET,25,19,6,10,0,97.0,HET,True,8
False,HET,REF,16,16,0,18,0,91.0,REF,False,14
False,HET,REF,13,13,0,16,0,98.0,REF,False,14
True,HET,HET,33,19,14,29,0,95.0,HET,True,13
True,HET,HET,56,23,33,19,0,100.0,HET,True,14
False,HET,REF,36,36,0,24,0,96.0,REF,False,3
True,HET,HET,49,21,28,20,0,99.0,HET,True,14
True,HET,HET,44,26,18,31,0,100.0,HET,True,11
True,HET,HET,24,12,12,23,0,94.0,HET,True,14
True,HET,HET,25,15,10,27,0,99.0,HET,True,14
True,HET,HET,65,39,26,33,0,100.0,HET,True,8
True,HET,HET,23,15,8,21,0,100.0,HET,True,14
True,HET,HET,42,23,19,28,0,100.0,HET,True,13
True,HET,HET,51,20,31,18,0,100.0,HET,True,13
True,HET,HET,32,16,16,24,0,100.0,HET,True,14
True,HET,HET,54,27,27,25,0,99.0,HET,True,14
False,HET,HOM,41,0,41,26,0,86.0,HOM,False,3
True,HET,HET,43,20,23,23,0,99.0,HET,True,14
True,HET,HET,31,13,18,19,0,99.0,HET,True,14
True,HET,HET,44,22,22,25,0,98.0,HET,True,14
True,HET,HET,28,14,14,23,0,95.0,HET,True,14
True,HET,HET,36,16,20,21,0,98.0,HET,True,14
True,HET,HET,35,21,14,30,0,99.0,HET,True,12
True,HET,HET,37,18,19,24,0,99.0,HET,True,14
True,HET,HET,25,12,13,22,0,99.0,HET,True,14
True,HET,HET,43,22,21,26,0,100.0,HET,True,14
False,HET,REF,33,33,0,23,0,,REF,False,3
False,HET,REF,50,50,0,27,0,,REF,False,3
True,HET,HET,23,7,16,11,0,93.0,HET,True,7
True,HET,HET,37,13,24,15,0,95.0,HET,True,12
True,HET,HET,34,21,13,28,0,92.0,HET,True,12
True,HET,HET,36,21,15,30,0,99.0,HET,True,12
True,HET,HET,47,27,20,30,0,96.0,HET,True,11
True,HET,HET,43,19,24,21,0,100.0,HET,True,14
False,HET,REF,3,3,0,7,4,99.0,REF,False,5
True,HET,HET,8,3,5,12,0,90.0,HET,True,9
True,HET,HET,21,12,9,27,0,93.0,HET,True,14
False,HET,REF,16,16,0,18,0,84.0,REF,False,14
True,HET,HET,41,27,14,24,0,96.0,HET,True,14
True,HET,HET,39,18,21,22,0,100.0,HET,True,14
True,HET,HET,11,6,5,21,0,96.0,HET,True,14
True,HET,HET,47,34,13,17,0,99.0,HET,True,12
True,HET,HET,26,11,15,18,0,99.0,HET,True,14
True,HET,HET,33,19,14,29,32,90.0,HET,True,13
True,HET,HET,28,3,25,4,3,100.0,HOM,False,6
True,HET,HET,34,20,14,30,0,100.0,HET,True,12
True,HET,HET,33,23,10,18,0,96.0,HET,True,14
True,HET,HET,34,16,18,22,0,99.0,HET,True,14
True,HET,HET,38,17,21,21,0,100.0,HET,True,14
False,HET,HOM,30,0,30,23,0,97.0,HOM,False,4
True,HET,HET,53,22,31,20,0,100.0,HET,True,14
True,HET,HET,30,15,15,24,0,99.0,HET,True,14
False,HET,REF,41,41,0,25,0,96.0,REF,False,3
True,HET,HET,26,15,11,28,0,96.0,HET,True,14
True,HET,HET,32,15,17,22,0,100.0,HET,True,14
True,HET,HET,26,12,14,21,0,100.0,HET,True,14
False,HET,REF,51,51,0,27,0,,REF,False,3
True,HET,HET,8,2,6,6,0,96.0,HET,True,5
True,HET,HET,36,20,16,28,0,99.0,HET,True,14
True,HET,HET,18,5,13,9,0,99.0,HET,True,5
True,HET,HET,27,8,19,11,0,96.0,HET,True,6
True,HET,HET,50,31,19,30,0,100.0,HET,True,9
False,HET,REF,33,33,0,23,0,,REF,False,3
False,HET,REF,34,34,0,24,0,100.0,REF,False,2
True,HET,HET,46,23,23,25,0,99.0,HET,True,14
True,HET,HET,25,13,12,24,0,96.0,HET,True,14
True,HET,HET,27,13,14,22,0,99.0,HET,True,14
False,HET,HOM,30,1,29,13,0,100.0,HOM,False,13
True,HET,HET,39,21,18,27,0,100.0,HET,True,14
True,HET,HET,60,29,31,25,0,95.0,HET,True,14
True,HET,HET,40,17,23,20,0,100.0,HET,True,14
False,HET,REF,50,50,0,27,0,93.0,REF,False,3
True,HET,HET,44,23,21,26,0,97.0,HET,True,14
True,HET,HET,18,7,11,15,0,100.0,HET,True,12
True,HET,HET,42,24,18,30,0,94.0,HET,True,12
True,HET,HET,42,15,27,15,0,95.0,HET,True,12
True,HET,HET,54,33,21,32,0,99.0,HET,True,9
False,HET,REF,24,24,0,21,0,92.0,REF,False,2
True,HET,HET,35,23,12,23,0,93.0,HET,True,14
True,HET,HET,59,34,25,31,0,99.0,HET,True,10
True,HET,HET,46,24,22,27,0,100.0,HET,True,14
True,HET,HET,24,14,10,28,0,100.0,HET,True,14
True,HET,HET,39,20,19,25,0,99.0,HET,True,14
False,HET,REF,34,34,0,24,0,93.0,REF,False,2
False,HET,HOM,52,0,52,28,0,99.0,HOM,False,3
True,HET,HET,50,27,23,28,0,99.0,HET,True,13
True,HET,HET,46,25,21,28,0,100.0,HET,True,13
True,HET,HET,28,15,13,26,0,100.0,HET,True,14
True,HET,HET,53,29,24,29,0,97.0,HET,True,12
False,HET,REF,33,33,0,23,0,,REF,False,3
True,HET,HET,44,27,17,30,0,99.0,HET,True,10
True,HET,HET,53,24,29,22,0,100.0,HET,True,14
True,HET,HET,20,12,8,25,0,99.0,HET,True,14
True,HET,HET,15,12,3,5,18,96.0,HET,True,5
True,HET,HET,42,18,24,20,0,94.0,HET,True,14
True,HET,HET,52,23,29,21,0,100.0,HET,True,14
False,HET,REF,6,6,0,11,0,61.0,REF,False,5
True,HET,HET,53,26,27,25,0,100.0,HET,True,14
True,HET,HET,32,15,17,22,0,100.0,HET,True,14
True,HET,HET,28,13,15,21,0,99.0,HET,True,14
True,HET,HET,53,24,29,22,0,99.0,HET,True,14
True,HET,HET,30,17,13,28,0,100.0,HET,True,14
False,HET,REF,23,23,0,21,0,100.0,REF,False,2
False,HET,HOM,19,0,19,20,0,96.0,HOM,False,11
True,HET,HET,43,21,22,24,0,94.0,HET,True,14
True,HET,HET,50,25,25,25,0,100.0,HET,True,14
True,HET,HET,23,11,12,21,0,100.0,HET,True,14
True,HET,HET,33,19,14,29,0,97.0,HET,True,13
True,HET,HET,43,21,22,24,0,99.0,HET,True,14
True,HET,HET,39,22,17,29,0,100.0,HET,True,13
True,HET,HET,55,29,26,27,0,99.0,HET,True,13
True,HET,HET,22,15,7,17,0,100.0,HET,True,14
True,HET,HET,52,20,32,18,0,100.0,HET,True,13
True,HET,HET,10,7,3,11,16,99.0,HET,True,12
True,HET,HET,34,19,15,28,0,100.0,HET,True,14
False,HET,REF,61,55,6,6,0,96.0,REF,False,14
True,HET,HET,31,16,15,25,0,99.0,HET,True,14
True,HET,HET,45,27,18,32,0,98.0,HET,True,11
True,HET,HET,19,9,10,20,0,98.0,HET,True,14
True,HET,HET,29,16,13,27,0,100.0,HET,True,14
False,HET,REF,25,25,0,21,0,93.0,REF,False,2
True,HET,HET,31,15,16,23,0,99.0,HET,True,14
False,HET,REF,43,43,0,26,0,,REF,False,3
True,HET,HET,27,17,10,24,0,98.0,HET,True,14
True,HET,HET,43,28,15,25,0,100.0,HET,True,14
True,HET,HET,53,24,29,22,0,100.0,HET,True,14
False,HET,REF,48,48,0,26,0,,REF,False,3
True,HET,HET,41,19,22,22,0,95.0,HET,True,14
True,HET,HET,24,19,5,7,0,99.0,HET,True,5
False,HET,HOM,46,0,46,27,0,92.0,HOM,False,3
False,HET,REF,45,45,0,26,0,97.0,REF,False,3
True,HET,HET,32,22,10,19,0,99.0,HET,True,14
True,HET,HET,52,27,25,27,0,100.0,HET,True,14
True,HET,HET,31,20,11,24,0,100.0,HET,True,14
True,HET,HET,47,20,27,20,0,100.0,HET,True,14
True,HET,HET,48,23,25,24,0,99.0,HET,True,14
True,HET,HET,42,21,21,25,0,99.0,HET,True,14
True,HET,HET,16,8,8,21,0,97.0,HET,True,14
True,HET,HET,8,1,7,1,3,98.0,HET,True,3
True,HET,HET,42,23,19,28,0,96.0,HET,True,13
False,HET,REF,32,32,0,23,0,97.0,REF,False,4
True,HET,HET,24,7,17,10,0,97.0,HET,True,6
True,HET,HET,42,24,18,30,0,99.0,HET,True,12
True,HET,HET,44,20,24,22,0,96.0,HET,True,14
True,HET,HET,44,17,27,17,0,99.0,HET,True,13
True,HET,HET,56,29,27,27,0,100.0,HET,True,14
True,HET,HET,42,15,27,15,0,100.0,HET,True,12
True,HET,HET,47,21,26,21,0,100.0,HET,True,14
True,HET,HET,34,19,15,28,0,99.0,HET,True,14
True,HET,HET,39,19,20,24,0,100.0,HET,True,14
True,HET,HET,25,12,13,22,0,99.0,HET,True,14
True,HET,HET,24,18,6,11,0,99.0,HET,True,10
False,HET,REF,38,38,0,25,0,,REF,False,3
True,HET,HET,26,12,14,21,0,100.0,HET,True,14
True,HET,HET,53,33,20,30,0,99.0,HET,True,10
False,HET,REF,44,44,0,26,0,95.0,REF,False,3
True,HET,HET,41,21,20,26,0,96.0,HET,True,14
True,HET,HET,48,30,18,29,0,99.0,HET,True,11
False,HET,REF,28,28,0,22,0,99.0,REF,False,3
True,HET,HET,30,10,20,13,0,99.0,HET,True,10
True,HET,HET,42,17,25,18,0,98.0,HET,True,13
True,HET,HET,44,19,25,20,0,99.0,HET,True,14
True,HET,HET,60,40,20,25,0,100.0,HET,True,14
True,HET,HET,31,14,17,21,0,100.0,HET,True,14
True,HET,HET,40,24,16,31,0,100.0,HET,True,11
True,HET,HET,41,21,20,26,0,99.0,HET,True,14
True,HET,HET,42,22,20,26,0,100.0,HET,True,14
True,HET,HET,51,22,29,21,0,100.0,HET,True,14
True,HET,HET,31,16,15,25,0,99.0,HET,True,14
True,HET,HET,30,12,18,17,0,100.0,HET,True,13
False,HET,REF,32,32,0,23,0,93.0,REF,False,4
True,HET,HET,44,22,22,25,0,99.0,HET,True,14
True,HET,HET,14,9,5,18,0,99.0,HET,True,14
True,HET,HET,18,8,10,18,0,94.0,HET,True,13
True,HET,HET,52,24,28,23,0,100.0,HET,True,14
True,HET,HET,36,17,19,22,0,96.0,HET,True,14
True,HET,HET,43,23,20,27,0,100.0,HET,True,14
True,HET,HET,32,15,17,22,0,100.0,HET,True,14
True,HET,HET,48,27,21,30,0,100.0,HET,True,12
False,HET,REF,41,41,0,25,0,,REF,False,3
True,HET,HET,27,13,14,22,0,97.0,HET,True,14
True,HET,HET,52,22,30,20,0,99.0,HET,True,14
False,HET,REF,26,26,0,22,0,100.0,REF,False,3
True,HET,HET,30,19,11,25,0,99.0,HET,True,14
True,HET,HET,36,14,22,17,0,99.0,HET,True,13
True,HET,HET,44,16,28,16,0,99.0,HET,True,12
True,HET,HET,33,20,13,29,0,100.0,HET,True,12
True,HET,HET,28,16,12,28,32,86.0,HET,True,14
True,HET,HET,29,18,11,26,0,100.0,HET,True,13
True,HET,HET,49,24,25,25,0,100.0,HET,True,14
True,HET,HET,30,12,18,17,0,100.0,HET,True,13
True,HET,HET,36,18,18,24,0,100.0,HET,True,14
True,HET,HET,53,28,25,27,0,100.0,HET,True,13
True,HET,HET,44,26,18,31,0,97.0,HET,True,11
True,HET,HET,55,27,28,25,0,99.0,HET,True,14
False,HET,HOM,18,0,18,19,0,95.0,HOM,False,13
True,HET,HET,36,17,19,22,0,94.0,HET,True,14
True,HET,HET,63,28,35,22,0,100.0,HET,True,14
False,HET,REF,48,48,0,26,0,97.0,REF,False,3
True,HET,HET,33,13,20,17,0,99.0,HET,True,13
False,HET,REF,36,36,0,24,0,95.0,REF,False,3
True,HET,HET,37,22,15,31,0,100.0,HET,True,12
True,HET,HET,39,22,17,29,0,100.0,HET,True,13
True,HET,HET,50,21,29,20,0,99.0,HET,True,14
True,HET,HET,17,6,11,13,0,100.0,HET,True,11
True,HET,HET,57,33,24,31,0,95.0,HET,True,10
False,HET,REF,30,30,0,23,0,,REF,False,3
True,HET,HET,44,22,22,25,0,95.0,HET,True,14
True,HET,HET,32,13,19,18,0,99.0,HET,True,13
True,HET,HET,43,19,24,21,0,99.0,HET,True,14
True,HET,HET,66,31,35,24,0,100.0,HET,True,14
True,HET,HET,26,15,11,28,0,100.0,HET,True,14
True,HET,HET,20,10,10,22,0,98.0,HET,True,14
False,HET,HOM,38,0,38,26,0,92.0,HOM,False,3
False,HET,REF,36,36,0,24,0,99.0,REF,False,3
True,HET,HET,16,5,11,11,0,100.0,HET,True,7
True,HET,HET,48,26,22,28,0,96.0,HET,True,13
False,HET,REF,38,38,0,25,0,93.0,REF,False,3
True,HET,HET,34,16,18,22,0,100.0,HET,True,14
True,HET,HET,38,21,17,28,0,100.0,HET,True,13
True,HET,HET,39,22,17,29,0,93.0,HET,True,13
False,HET,REF,6,6,0,11,0,61.0,REF,False,5
False,HET,REF,51,51,0,27,0,,REF,False,3
True,HET,HET,43,25,18,31,0,100.0,HET,True,12
True,HET,HET,15,8,7,22,0,97.0,HET,True,14
False,HET,REF,44,44,0,26,0,,REF,False,3
False,HET,REF,50,44,6,3,2,97.0,REF,False,8
True,HET,HET,31,19,12,27,0,99.0,HET,True,12
True,HET,HET,53,28,25,27,0,99.0,HET,True,13
False,HET,HOM,27,0,27,23,0,98.0,HOM,False,3
False,HET,REF,50,50,0,27,0,,REF,False,3
True,HET,HET,47,23,24,24,0,100.0,HET,True,14
True,HET,HET,39,15,24,17,0,96.0,HET,True,13
False,HET,REF,34,34,0,24,0,94.0,REF,False,2
True,HET,HET,55,27,28,25,0,100.0,HET,True,14
True,HET,HET,21,12,9,27,0,95.0,HET,True,14
True,HET,HET,52,27,25,27,0,99.0,HET,True,14
True,HET,HET,44,28,16,27,0,99.0,HET,True,13
True,HET,HET,40,24,16,31,0,100.0,HET,True,11
False,HET,REF,34,34,0,24,0,97.0,REF,False,2
True,HET,HET,50,26,24,27,0,99.0,HET,True,14
True,HET,HET,68,37,31,29,0,99.0,HET,True,11
True,HET,HET,46,30,16,26,0,89.0,HET,True,14
True,HET,HET,45,15,30,14,0,100.0,HET,True,9
True,HET,HET,27,5,22,3,2,99.0,HET,True,2
True,HET,HET,47,24,23,26,0,94.0,HET,True,14
True,HET,HET,37,22,15,31,0,100.0,HET,True,12
False,HET,REF,29,26,3,5,2,96.0,REF,False,6
True,HET,HET,43,25,18,31,0,96.0,HET,True,12
True,HET,HET,47,26,21,29,0,99.0,HET,True,12
True,HET,HET,31,12,19,17,0,99.0,HET,True,13
True,HET,HET,49,20,29,19,0,99.0,HET,True,14
True,HET,HET,41,19,22,22,0,99.0,HET,True,14
True,HET,HET,32,19,13,30,0,93.0,HET,True,13
False,HET,REF,24,24,0,21,0,92.0,REF,False,2
False,HET,REF,29,29,0,22,0,99.0,REF,False,2
True,HET,HET,36,21,15,30,0,100.0,HET,True,12
True,HET,HET,9,5,4,20,16,98.0,HET,True,14
True,HET,HET,44,26,18,31,0,97.0,HET,True,11
True,HET,HET,41,23,18,29,0,99.0,HET,True,13
True,HET,HET,37,12,25,13,0,99.0,HET,True,8
True,HET,HET,10,6,4,18,16,99.0,HET,True,14
True,HET,HET,34,1,33,15,1,98.0,HOM,False,4
True,HET,HET,46,28,18,31,0,96.0,HET,True,10
True,HET,HET,42,23,19,28,0,99.0,HET,True,13
True,HET,HET,25,7,18,10,0,99.0,HET,True,5
True,HET,HET,4,1,3,5,22,99.0,HET,True,6
True,HET,HET,39,22,17,29,32,90.0,HET,True,13
True,HET,HET,34,21,13,28,0,95.0,HET,True,12
True,HET,HET,43,18,25,19,0,100.0,HET,True,14
True,HET,HET,50,41,9,5,0,99.0,HET,True,2
False,HET,REF,62,62,0,29,0,,REF,False,3
True,HET,HET,27,16,11,28,0,100.0,HET,True,14
False,HET,REF,50,50,0,27,0,93.0,REF,False,3
True,HET,HET,34,16,18,22,0,93.0,HET,True,14
True,HET,HET,39,15,24,17,32,89.0,HET,True,13
True,HET,HET,33,13,20,17,0,96.0,HET,True,13
True,HET,HET,19,7,12,14,0,99.0,HET,True,12
False,HET,REF,44,44,0,26,0,93.0,REF,False,3
True,HET,HET,44,20,24,22,0,100.0,HET,True,14
True,HET,HET,30,13,17,19,0,100.0,HET,True,14
True,HET,HET,43,25,18,31,0,100.0,HET,True,12
True,HET,HET,45,20,25,21,0,100.0,HET,True,14
True,HET,HET,32,23,9,16,0,95.0,HET,True,13
True,HET,HET,29,16,13,27,0,100.0,HET,True,14
True,HET,HET,52,28,24,28,0,98.0,HET,True,13
True,HET,HET,30,15,15,24,0,100.0,HET,True,14
True,HET,HET,49,20,29,19,0,97.0,HET,True,14
True,HET,HET,65,36,29,30,0,95.0,HET,True,11
True,HET,HET,65,28,37,21,0,100.0,HET,True,14
True,HET,HET,32,13,19,18,0,94.0,HET,True,13
True,HET,HET,7,1,6,0,2,99.0,HET,True,4
False,HET,REF,18,18,0,19,0,97.0,REF,False,14
True,HET,HET,48,22,26,22,0,100.0,HET,True,14
False,HET,REF,41,41,0,25,0,,REF,False,3
True,HET,HET,45,20,25,21,0,97.0,HET,True,14
True,HET,HET,42,17,25,18,0,96.0,HET,True,13
True,HET,HET,37,17,20,22,0,100.0,HET,True,14
True,HET,HET,24,14,10,28,0,95.0,HET,True,14
True,HET,HET,24,8,16,13,0,100.0,HET,True,10
True,HET,HET,15,2,13,1,3,87.0,HOM,False,2
True,HET,HET,15,9,6,22,0,99.0,HET,True,14
False,HET,REF,19,19,0,19,0,94.0,REF,False,12
True,HET,HET,25,8,17,12,0,97.0,HET,True,8
True,HET,HET,41,26,15,27,0,93.0,HET,True,13
False,HET,HOM,14,0,14,17,0,92.0,HOM,False,14
False,HET,REF,41,41,0,25,0,99.0,REF,False,3
True,HET,HET,47,20,27,20,0,99.0,HET,True,14
True,HET,HET,50,25,25,25,0,100.0,HET,True,14
True,HET,HET,8,4,4,17,16,93.0,HET,True,13
True,HET,HET,37,23,14,28,0,100.0,HET,True,12
True,HET,HET,46,28,18,31,0,99.0,HET,True,10
True,HET,HET,47,27,20,30,0,100.0,HET,True,11
True,HET,HET,47,26,21,29,0,100.0,HET,True,12
True,HET,HET,38,22,16,30,0,99.0,HET,True,12
True,HET,HET,38,24,14,27,0,99.0,HET,True,13
False,HET,HOM,20,5,15,7,1,99.0,HET,True,6
True,HET,HET,34,17,17,24,0,99.0,HET,True,14
False,HET,REF,37,37,0,24,0,,REF,False,4
True,HET,HET,48,24,24,25,0,99.0,HET,True,14
True,HET,HET,10,5,5,18,0,99.0,HET,True,13
True,HET,HET,56,25,31,22,0,100.0,HET,True,14
True,HET,HET,48,23,25,24,0,100.0,HET,True,14
True,HET,HET,18,6,12,12,0,99.0,HET,True,9
True,HET,HET,48,24,24,25,0,98.0,HET,True,14
True,HET,HET,21,7,14,12,0,98.0,HET,True,10
False,HET,REF,46,46,0,26,0,96.0,REF,False,3
False,HET,REF,51,51,0,27,0,,REF,False,3
True,HET,HET,41,19,22,22,0,99.0,HET,True,14
False,HET,REF,17,17,0,18,0,100.0,REF,False,14
True,HET,HET,38,15,23,18,0,100.0,HET,True,13
False,HET,REF,26,26,0,22,0,,REF,False,3
False,HET,REF,22,22,0,20,0,97.0,REF,False,4
True,HET,HET,43,21,22,24,0,100.0,HET,True,14
False,HET,HOM,43,0,43,27,0,97.0,HOM,False,3
False,HET,REF,23,23,0,21,0,,REF,False,2
True,HET,HET,55,32,23,32,0,100.0,HET,True,10
False,HET,REF,49,49,0,27,0,,REF,False,3
True,HET,HET,18,4,14,5,0,100.0,HET,True,5
True,HET,HET,42,11,31,9,0,96.0,HET,True,6
False,HET,HOM,1,0,1,3,22,98.0,HOM,False,3
True,HET,HET,52,30,22,31,0,100.0,HET,True,11
True,HET,HET,20,9,11,19,0,97.0,HET,True,14
True,HET,HET,22,14,8,22,0,99.0,HET,True,14
False,HET,REF,45,45,0,26,0,96.0,REF,False,3
True,HET,HET,7,3,4,13,16,100.0,HET,True,11
True,HET,HET,41,24,17,31,0,97.0,HET,True,12
False,HET,REF,21,21,0,20,0,,REF,False,7
False,HET,REF,20,20,0,19,0,95.0,REF,False,11
True,HET,HET,20,15,5,10,0,99.0,HET,True,10
True,HET,HET,45,23,22,26,0,96.0,HET,True,14
False,HET,REF,17,17,0,18,0,,REF,False,14
True,HET,HET,62,35,27,31,0,100.0,HET,True,11
True,HET,HET,26,15,11,28,0,99.0,HET,True,14
True,HET,HET,24,6,18,8,0,96.0,HET,True,6
False,HET,REF,45,45,0,26,0,95.0,REF,False,3
True,HET,HET,60,30,30,26,0,99.0,HET,True,14
True,HET,HET,31,12,19,17,0,99.0,HET,True,13
True,HET,HET,40,15,25,16,0,100.0,HET,True,13
True,HET,HET,40,22,18,28,0,100.0,HET,True,13
True,HET,HET,40,18,22,21,0,97.0,HET,True,14
False,HET,REF,34,34,0,24,0,,REF,False,2
True,HET,HET,43,19,24,21,0,99.0,HET,True,14
True,HET,HET,41,17,24,19,0,95.0,HET,True,14
True,HET,HET,38,16,22,19,0,99.0,HET,True,14
True,HET,HET,34,17,17,24,0,99.0,HET,True,14
False,HET,REF,17,17,0,18,0,,REF,False,14
True,HET,HET,4,2,2,13,20,99.0,HET,True,10
True,HET,HET,66,36,30,29,0,100.0,HET,True,11
True,HET,HET,11,10,1,5,25,98.0,HET,True,2
True,HET,HET,45,19,26,20,0,99.0,HET,True,14
True,HET,HET,34,17,17,24,0,95.0,HET,True,14
True,HET,HET,36,19,17,26,0,99.0,HET,True,14
True,HET,HET,12,6,6,19,0,99.0,HET,True,14
True,HET,HET,34,17,17,24,0,100.0,HET,True,14
False,HET,REF,32,32,0,23,0,,REF,False,4
True,HET,HET,62,29,33,24,0,99.0,HET,True,14
True,HET,HET,39,20,19,25,0,99.0,HET,True,14
True,HET,HET,45,23,22,26,0,97.0,HET,True,14
True,HET,HET,54,28,26,27,0,95.0,HET,True,14
True,HET,HET,43,25,18,31,0,99.0,HET,True,12
True,HET,HET,27,11,16,18,0,97.0,HET,True,13
True,HET,HET,42,24,18,30,0,94.0,HET,True,12
True,HET,HET,39,20,19,25,0,99.0,HET,True,14
False,HET,REF,13,13,0,16,0,99.0,REF,False,14
True,HET,HET,22,11,11,22,0,100.0,HET,True,14
True,HET,HET,16,13,3,4,18,84.0,HET,True,5
True,HET,HET,35,20,15,29,0,99.0,HET,True,13
True,HET,HET,47,27,20,30,0,100.0,HET,True,11
True,HET,HET,26,13,13,23,0,100.0,HET,True,14
True,HET,HET,41,25,16,30,0,96.0,HET,True,11
False,HET,HOM,50,0,50,28,0,99.0,HOM,False,3
True,HET,HET,48,25,23,27,0,100.0,HET,True,14
True,HET,HET,20,10,10,22,0,99.0,HET,True,14
True,HET,HET,5,2,3,11,16,99.0,HET,True,8
True,HET,HET,42,17,25,18,0,100.0,HET,True,13
False,HET,REF,35,35,0,24,0,97.0,REF,False,3
False,HET,REF,27,27,0,22,0,99.0,REF,False,3
True,HET,HET,9,4,5,15,0,96.0,HET,True,12
False,HET,REF,24,24,0,21,0,94.0,REF,False,2
True,HET,HET,12,8,4,15,16,94.0,HET,True,13
True,HET,HET,30,15,15,24,0,99.0,HET,True,14
True,HET,HET,52,26,26,25,0,97.0,HET,True,14
True,HET,HET,21,15,6,14,0,100.0,HET,True,13
True,HET,HET,29,11,18,16,0,100.0,HET,True,13
True,HET,HET,21,14,7,19,0,99.0,HET,True,14
True,HET,HET,26,15,11,28,0,99.0,HET,True,14
True,HET,HET,19,5,14,8,0,95.0,HET,True,5
False,HET,REF,50,50,0,27,0,,REF,False,3
False,HET,REF,62,62,0,29,0,,REF,False,3
False,HET,REF,20,20,0,19,0,99.0,REF,False,11
True,HET,HET,31,15,16,23,0,99.0,HET,True,14
True,HET,HET,45,26,19,31,0,100.0,HET,True,11
True,HET,HET,33,12,21,15,0,98.0,HET,True,12
True,HET,HET,37,11,26,11,0,98.0,HET,True,5
True,HET,HET,29,10,19,14,0,97.0,HET,True,11
True,HET,HET,29,18,11,26,0,100.0,HET,True,13
False,HET,REF,26,24,2,8,0,99.0,REF,False,6
True,HET,HET,16,10,6,20,0,94.0,HET,True,14
True,HET,HET,18,8,10,18,0,99.0,HET,True,13
False,HET,REF,56,56,0,28,0,,REF,False,3
True,HET,HET,49,23,26,23,0,99.0,HET,True,14
True,HET,HET,55,26,29,24,0,100.0,HET,True,14
False,HET,HOM,7,0,7,12,0,99.0,HOM,False,6
False,HET,HOM,8,1,7,1,2,93.0,HET,True,3
True,HET,HET,50,23,27,23,0,99.0,HET,True,14
True,HET,HET,25,15,10,27,0,99.0,HET,True,14
True,HET,HET,41,17,24,19,0,88.0,HET,True,14
True,HET,HET,50,19,31,17,0,100.0,HET,True,13
True,HET,HET,16,3,13,3,2,99.0,HET,True,4
True,HET,HET,21,7,14,12,0,93.0,HET,True,10
True,HET,HET,52,31,21,32,0,99.0,HET,True,10
True,HET,HET,36,19,17,26,0,100.0,HET,True,14
True,HET,HET,19,7,12,14,0,100.0,HET,True,12
True,HET,HET,25,10,15,17,0,100.0,HET,True,13
False,HET,REF,37,37,0,24,0,,REF,False,4
True,HET,HET,33,18,15,27,0,100.0,HET,True,14
True,HET,HET,31,16,15,25,0,100.0,HET,True,14
True,HET,HET,47,26,21,29,0,100.0,HET,True,12
True,HET,HET,52,28,24,28,0,100.0,HET,True,13
True,HET,HET,25,13,12,24,0,92.0,HET,True,14
True,HET,HET,31,15,16,23,0,96.0,HET,True,14
True,HET,HET,44,19,25,20,0,100.0,HET,True,14
True,HET,HET,19,8,11,17,0,99.0,HET,True,13
False,HET,REF,30,30,0,23,0,97.0,REF,False,3
False,HET,REF,26,26,0,22,0,96.0,REF,False,3
True,HET,HET,18,9,9,22,0,100.0,HET,True,14
True,HET,HET,45,23,22,26,0,100.0,HET,True,14
True,HET,HET,34,12,22,15,0,93.0,HET,True,12
True,HET,HET,27,16,11,28,0,99.0,HET,True,14
True,HET,HET,53,25,28,23,0,99.0,HET,True,14
True,HET,HET,44,22,22,25,0,100.0,HET,True,14
False,HET,REF,46,46,0,26,0,,REF,False,3
False,HET,REF,39,39,0,25,0,100.0,REF,False,3
True,HET,HET,30,17,13,28,0,100.0,HET,True,14
True,HET,HET,28,18,10,23,0,100.0,HET,True,14
False,HET,REF,21,21,0,20,0,99.0,REF,False,7
True,HET,HET,30,16,14,26,0,98.0,HET,True,14
True,HET,HET,33,21,12,25,0,99.0,HET,True,14
True,HET,HET,42,20,22,23,0,96.0,HET,True,14
False,HET,REF,6,6,0,11,0,66.0,REF,False,5
True,HET,HET,48,19,29,18,0,99.0,HET,True,13
True,HET,HET,26,12,14,21,0,99.0,HET,True,14
False,HET,REF,6,6,0,11,0,66.0,REF,False,5
True,HET,HET,38,23,15,30,0,100.0,HET,True,11
True,HET,HET,38,21,17,28,0,90.0,HET,True,13
True,HET,HET,52,24,28,23,0,100.0,HET,True,14
True,HET,HET,41,21,20,26,0,99.0,HET,True,14
True,HET,HET,27,17,10,24,0,100.0,HET,True,14
True,HET,HET,35,18,17,25,0,100.0,HET,True,14
True,HET,HET,27,11,16,18,0,90.0,HET,True,13
True,HET,HET,47,25,22,27,0,99.0,HET,True,14
True,HET,HET,18,10,8,25,0,93.0,HET,True,14
True,HET,HET,20,10,10,22,0,99.0,HET,True,14
True,HET,HET,39,15,24,17,0,100.0,HET,True,13
True,HET,HET,35,17,18,23,0,100.0,HET,True,14
True,HET,HET,61,37,24,33,0,99.0,HET,True,8
True,HET,HET,40,20,20,25,0,99.0,HET,True,14
True,HET,HET,41,24,17,31,0,97.0,HET,True,12
True,HET,HET,43,26,17,31,0,95.0,HET,True,11
True,HET,HET,29,20,9,18,0,100.0,HET,True,14
True,HET,HET,40,23,17,30,0,97.0,HET,True,12
True,HET,HET,33,8,25,7,0,93.0,HET,True,5
True,HET,HET,22,9,13,17,0,99.0,HET,True,13
True,HET,HET,22,9,13,17,0,99.0,HET,True,13
True,HET,HET,20,10,10,22,0,99.0,HET,True,14
False,HET,REF,47,47,0,26,0,,REF,False,3
True,HET,HET,56,19,37,15,0,100.0,HET,True,10
False,HET,REF,20,20,0,19,0,99.0,REF,False,11
True,HET,HET,59,30,29,26,0,100.0,HET,True,14
True,HET,HET,28,7,21,8,0,96.0,HET,True,6
True,HET,HET,43,19,24,21,0,99.0,HET,True,14
True,HET,HET,42,28,14,23,0,97.0,HET,True,14
True,HET,HET,45,28,17,29,0,100.0,HET,True,11
True,HET,HET,22,21,1,12,25,96.0,REF,False,10
True,HET,HET,39,20,19,25,0,99.0,HET,True,14
True,HET,HET,49,20,29,19,0,100.0,HET,True,14
True,HET,HET,47,25,22,27,0,99.0,HET,True,14
True,HET,HET,51,29,22,30,0,99.0,HET,True,11
True,HET,HET,14,5,9,13,0,99.0,HET,True,11
False,HET,REF,17,17,0,18,0,100.0,REF,False,14
True,HET,HET,39,23,16,31,0,100.0,HET,True,12
True,HET,HET,25,14,11,27,0,99.0,HET,True,14
True,HET,HET,49,21,28,20,0,99.0,HET,True,14
True,HET,HET,41,17,24,19,0,99.0,HET,True,14
False,HET,HOM,45,0,45,27,0,93.0,HOM,False,3
True,HET,HET,37,19,18,25,0,100.0,HET,True,14
True,HET,HET,29,11,18,16,0,99.0,HET,True,13
True,HET,HET,43,29,14,22,0,88.0,HET,True,14
True,HET,HET,48,22,26,22,0,99.0,HET,True,14
True,HET,HET,46,23,23,25,0,99.0,HET,True,14
True,HET,HET,24,16,8,20,0,99.0,HET,True,14
True,HET,HET,55,29,26,27,0,100.0,HET,True,13
True,HET,HET,23,10,13,19,0,98.0,HET,True,14
True,HET,HET,15,8,7,22,0,96.0,HET,True,14
True,HET,HET,41,19,22,22,0,94.0,HET,True,14
False,HET,REF,43,43,0,26,0,90.0,REF,False,3
True,HET,HET,47,26,21,29,0,100.0,HET,True,12
True,HET,HET,49,24,25,25,0,99.0,HET,True,14
True,HET,HET,51,24,27,23,0,99.0,HET,True,14
False,HET,REF,46,46,0,26,0,,REF,False,3
False,HET,REF,29,29,0,22,0,,REF,False,2
True,HET,HET,46,22,24,24,0,100.0,HET,True,14
False,HET,REF,30,30,0,23,0,,REF,False,3
True,HET,HET,47,26,21,29,0,99.0,HET,True,12
True,HET,HET,52,27,25,27,0,99.0,HET,True,14
True,HET,HET,30,14,16,22,0,99.0,HET,True,14
True,HET,HET,49,24,25,25,0,99.0,HET,True,14
True,HET,HET,33,14,19,19,0,92.0,HET,True,14
False,HET,REF,64,64,0,29,0,98.0,REF,False,3
False,HET,REF,44,44,0,26,0,,REF,False,3
True,HET,HET,32,16,16,24,0,100.0,HET,True,14
True,HET,HET,33,16,17,23,0,100.0,HET,True,14
True,HET,HET,52,24,28,23,0,99.0,HET,True,14
True,HET,HET,38,23,15,30,0,100.0,HET,True,11
True,HET,HET,14,7,7,20,0,100.0,HET,True,14
True,HET,HET,48,28,20,31,0,100.0,HET,True,11
True,HET,HET,23,9,14,16,0,99.0,HET,True,13
True,HET,HET,35,19,16,27,0,98.0,HET,True,14
True,HET,HET,45,28,17,29,0,100.0,HET,True,11
True,HET,HET,47,28,19,32,0,99.0,HET,True,11
True,HET,HET,50,21,29,20,0,100.0,HET,True,14
True,HET,HET,45,19,26,20,0,100.0,HET,True,14
True,HET,HET,44,22,22,25,0,99.0,HET,True,14
False,HET,HOM,36,0,36,25,0,97.0,HOM,False,3
True,HET,HET,21,8,13,15,0,99.0,HET,True,12
True,HET,HET,18,8,10,18,0,99.0,HET,True,13
True,HET,HET,32,14,18,20,0,99.0,HET,True,14
True,HET,HET,50,28,22,30,0,92.0,HET,True,12
False,HET,REF,38,38,0,25,0,,REF,False,3
True,HET,HET,39,19,20,24,0,96.0,HET,True,14
True,HET,HET,48,20,28,20,0,100.0,HET,True,14
True,HET,HET,19,10,9,23,0,100.0,HET,True,14
True,HET,HET,38,20,18,26,0,98.0,HET,True,14
True,HET,HET,31,19,12,27,0,100.0,HET,True,12
True,HET,HET,35,16,19,21,0,99.0,HET,True,14
True,HET,HET,34,20,14,30,0,100.0,HET,True,12
True,HET,HET,24,11,13,20,0,99.0,HET,True,14
True,HET,HET,29,17,12,29,0,96.0,HET,True,13
True,HET,HET,46,24,22,27,0,99.0,HET,True,14
True,HET,HET,26,11,15,18,0,100.0,HET,True,14
False,HET,REF,27,27,0,22,0,90.0,REF,False,3
True,HET,HET,44,22,22,25,0,95.0,HET,True,14
False,HET,REF,12,12,0,16,0,97.0,REF,False,13
True,HET,HET,40,22,18,28,0,100.0,HET,True,13
True,HET,HET,51,21,30,19,0,99.0,HET,True,14
False,HET,REF,36,36,0,24,0,,REF,False,3
True,HET,HET,33,18,15,27,0,99.0,HET,True,14
True,HET,HET,36,16,20,21,0,98.0,HET,True,14
True,HET,HET,40,25,15,28,0,99.0,HET,True,12
False,HET,REF,52,52,0,27,0,95.0,REF,False,3
True,HET,HET,39,28,11,17,0,94.0,HET,True,13
True,HET,HET,46,23,23,25,0,97.0,HET,True,14
True,HET,HET,52,21,31,19,0,97.0,HET,True,14
True,HET,HET,50,27,23,28,0,99.0,HET,True,13
True,HET,HET,51,30,21,32,0,98.0,HET,True,11
False,HET,REF,20,20,0,19,0,95.0,REF,False,11
True,HET,HET,36,18,18,24,0,100.0,HET,True,14
True,HET,HET,43,24,19,29,0,100.0,HET,True,13
False,HET,REF,6,6,0,11,0,,REF,False,5
True,HET,HET,46,27,19,31,0,100.0,HET,True,11
False,HET,REF,48,48,0,26,0,,REF,False,3
True,HET,HET,33,14,19,19,0,99.0,HET,True,14
True,HET,HET,52,23,29,21,0,100.0,HET,True,14
True,HET,HET,47,25,22,27,0,100.0,HET,True,14
True,HET,HET,30,13,17,19,0,97.0,HET,True,14
True,HET,HET,15,8,7,22,0,94.0,HET,True,14
True,HET,HET,41,13,28,13,0,100.0,HET,True,7
True,HET,HET,51,18,33,15,0,99.0,HET,True,12
True,HET,HET,56,31,25,29,0,99.0,HET,True,12
True,HET,HET,54,26,28,24,0,100.0,HET,True,14
True,HET,HET,22,3,19,1,3,99.0,HOM,False,4
True,HET,HET,25,13,12,24,0,92.0,HET,True,14
True,HET,HET,49,24,25,25,0,91.0,HET,True,14
True,HET,HET,36,21,15,30,0,99.0,HET,True,12
False,HET,REF,25,25,0,21,0,99.0,REF,False,2
True,HET,HET,49,28,21,30,0,100.0,HET,True,11
True,HET,HET,26,10,16,16,0,90.0,HET,True,13
False,HET,REF,31,31,0,23,0,97.0,REF,False,4
True,HET,HET,34,14,20,18,0,96.0,HET,True,13
True,HET,HET,40,20,20,25,0,99.0,HET,True,14
True,HET,HET,17,10,7,24,0,99.0,HET,True,14
False,HET,REF,37,37,0,24,0,92.0,REF,False,4
True,HET,HET,28,13,15,21,0,99.0,HET,True,14
True,HET,HET,19,15,4,6,16,95.0,HET,True,5
True,HET,HET,37,21,16,29,0,100.0,HET,True,13
True,HET,HET,26,14,12,26,0,100.0,HET,True,14
True,HET,HET,28,19,9,19,0,96.0,HET,True,14
True,HET,HET,29,13,16,20,0,99.0,HET,True,14
True,HET,HET,40,16,24,18,0,100.0,HET,True,13
True,HET,HET,45,22,23,24,0,97.0,HET,True,14
True,HET,HET,57,19,38,14,0,100.0,HET,True,9
True,HET,HET,26,11,15,18,0,94.0,HET,True,14
True,HET,HET,48,25,23,27,0,100.0,HET,True,14
True,HET,HET,53,21,32,18,0,100.0,HET,True,13
True,HET,HET,25,10,15,17,0,100.0,HET,True,13
True,HET,HET,54,30,24,29,0,100.0,HET,True,12
False,HET,REF,30,30,0,23,0,89.0,REF,False,3
True,HET,HET,38,20,18,26,0,100.0,HET,True,14
True,HET,HET,44,22,22,25,0,99.0,HET,True,14
False,HET,REF,53,53,0,27,0,,REF,False,3
True,HET,HET,38,23,15,30,0,97.0,HET,True,11
False,HET,REF,31,31,0,23,0,99.0,REF,False,4
True,HET,HET,20,10,10,22,0,93.0,HET,True,14
False,HET,REF,51,51,0,27,0,97.0,REF,False,3
True,HET,HET,46,25,21,28,0,99.0,HET,True,13
True,HET,HET,10,6,4,18,16,100.0,HET,True,14
False,HET,REF,39,39,0,25,0,,REF,False,3
True,HET,HET,39,21,18,27,0,100.0,HET,True,14
True,HET,HET,52,21,31,19,0,100.0,HET,True,14
True,HET,HET,22,11,11,22,0,97.0,HET,True,14
True,HET,HET,26,10,16,16,0,99.0,HET,True,13
True,HET,HET,42,24,18,30,0,99.0,HET,True,12
True,HET,HET,24,6,18,8,0,96.0,HET,True,6
True,HET,HET,44,21,23,23,0,99.0,HET,True,14
True,HET,HET,36,16,20,21,0,97.0,HET,True,14
True,HET,HET,26,16,10,26,0,100.0,HET,True,14
True,HET,HET,31,14,17,21,0,100.0,HET,True,14
True,HET,HET,49,27,22,29,0,99.0,HET,True,12
True,HET,HET,23,12,11,24,0,100.0,HET,True,14
False,HET,REF,54,54,0,27,0,98.0,REF,False,3
True,HET,HET,47,26,21,29,0,99.0,HET,True,12
True,HET,HET,16,12,4,9,16,91.0,HET,True,10
False,HET,HOM,36,1,35,15,0,99.0,HOM,False,2
True,HET,HET,54,30,24,29,0,99.0,HET,True,12
False,HET,REF,29,29,0,22,0,91.0,REF,False,2
False,HET,REF,44,44,0,26,0,100.0,REF,False,3
True,HET,HET,39,21,18,27,0,99.0,HET,True,14
True,HET,HET,11,2,9,2,2,97.0,HET,True,4
False,HET,REF,50,50,0,27,0,100.0,REF,False,3
True,HET,HET,45,29,16,26,0,99.0,HET,True,14
True,HET,HET,28,12,16,19,0,99.0,HET,True,14
True,HET,HET,46,22,24,24,0,100.0,HET,True,14
True,HET,HET,26,10,16,16,0,100.0,HET,True,13
True,HET,HET,26,15,11,28,0,100.0,HET,True,14
True,HET,HET,46,22,24,24,0,100.0,HET,True,14
True,HET,HET,60,39,21,27,0,100.0,HET,True,14
True,HET,HET,18,10,8,25,0,97.0,HET,True,14
False,HET,REF,29,29,0,22,0,89.0,REF,False,2
True,HET,HET,41,21,20,26,0,100.0,HET,True,14
True,HET,HET,37,17,20,22,0,92.0,HET,True,14
True,HET,HET,47,22,25,23,0,99.0,HET,True,14
False,HET,HOM,18,0,18,19,0,98.0,HOM,False,13
False,HET,REF,49,49,0,27,0,,REF,False,3
True,HET,HET,21,11,10,24,0,96.0,HET,True,14
True,HET,HET,46,22,24,24,0,100.0,HET,True,14
True,HET,HET,6,1,5,1,2,79.0,HET,True,5
True,HET,HET,63,34,29,29,0,99.0,HET,True,12
True,HET,HET,42,20,22,23,0,95.0,HET,True,14
True,HET,HET,6,3,3,15,48,66.0,HET,True,12
True,HET,HET,30,16,14,26,0,100.0,HET,True,14
False,HET,HOM,57,0,57,29,0,95.0,HOM,False,3
True,HET,HET,42,27,15,26,0,100.0,HET,True,14
False,HET,HOM,64,0,64,30,0,98.0,HOM,False,3
False,HET,REF,46,46,0,26,0,96.0,REF,False,3
True,HET,HET,20,9,11,19,0,99.0,HET,True,14
True,HET,HET,37,22,15,31,0,99.0,HET,True,12
True,HET,HET,32,17,15,26,0,98.0,HET,True,14
True,HET,HET,48,27,21,30,0,99.0,HET,True,12
True,HET,HET,16,7,9,18,0,94.0,HET,True,13
True,HET,HET,41,27,14,24,0,99.0,HET,True,14
True,HET,HET,19,4,15,5,2,100.0,HET,True,5
True,HET,HET,37,20,17,27,0,100.0,HET,True,14
True,HET,HET,31,12,19,17,0,100.0,HET,True,13
False,HET,REF,51,45,6,3,2,99.0,REF,False,9
True,HET,HET,38,21,17,28,0,97.0,HET,True,13
False,HET,HOM,11,0,11,15,0,94.0,HOM,False,13
False,HET,REF,41,41,0,25,0,,REF,False,3
True,HET,HET,29,15,14,25,0,100.0,HET,True,14
False,HET,REF,36,36,0,24,0,93.0,REF,False,3
True,HET,HET,45,22,23,24,0,95.0,HET,True,14
False,HET,REF,29,29,0,22,0,,REF,False,2
True,HET,HET,45,24,21,27,0,100.0,HET,True,14
True,HET,HET,48,25,23,27,0,99.0,HET,True,14
True,HET,HET,25,14,11,27,0,94.0,HET,True,14
False,HET,REF,26,26,0,22,0,97.0,REF,False,3
True,HET,HET,22,12,10,25,0,100.0,HET,True,14
True,HET,HET,46,25,21,28,0,96.0,HET,True,13
False,HET,REF,47,47,0,26,0,100.0,REF,False,3
False,HET,REF,51,51,0,27,0,,REF,False,3
True,HET,HET,28,22,6,8,0,96.0,HET,True,5
True,HET,HET,59,21,38,16,0,93.0,HET,True,12
True,HET,HET,54,39,15,18,0,100.0,HET,True,12
True,HET,HET,48,26,22,28,0,99.0,HET,True,13
True,HET,HET,59,25,34,20,0,99.0,HET,True,14
False,HET,REF,48,48,0,26,0,,REF,False,3
True,HET,HET,31,21,10,20,0,100.0,HET,True,14
False,HET,HOM,33,0,33,24,0,99.0,HOM,False,2
True,HET,HET,53,27,26,26,0,99.0,HET,True,14
True,HET,HET,61,31,30,26,0,100.0,HET,True,14
False,HET,REF,49,49,0,27,0,99.0,REF,False,3
True,HET,HET,15,10,5,16,0,100.0,HET,True,14
True,HET,HET,44,22,22,25,0,96.0,HET,True,14
True,HET,HET,54,27,27,25,0,100.0,HET,True,14
True,HET,HET,44,30,14,22,0,95.0,HET,True,14
True,HET,HET,58,31,27,28,0,99.0,HET,True,13
False,HET,REF,38,38,0,25,0,,REF,False,3
True,HET,HET,44,27,17,30,0,100.0,HET,True,10
True,HET,HET,38,22,16,30,0,98.0,HET,True,12
True,HET,HET,54,28,26,27,0,100.0,HET,True,14
True,HET,HET,53,27,26,26,0,99.0,HET,True,14
True,HET,HET,54,26,28,24,0,100.0,HET,True,14
True,HET,HET,16,6,10,14,0,94.0,HET,True,12
True,HET,HET,30,13,17,19,0,100.0,HET,True,14
True,HET,HET,27,12,15,20,0,100.0,HET,True,14
False,HET,REF,33,33,0,23,0,,REF,False,3
True,HET,HET,39,19,20,24,0,99.0,HET,True,14
False,HET,REF,16,16,0,18,0,86.0,REF,False,14
True,HET,HET,14,9,5,18,0,99.0,HET,True,14
True,HET,HET,35,20,15,29,0,100.0,HET,True,13
True,HET,HET,64,36,28,30,0,99.0,HET,True,11
True,HET,HET,51,22,29,21,0,100.0,HET,True,14
True,HET,HET,40,19,21,23,32,80.0,HET,True,14
True,HET,HET,39,26,13,23,0,100.0,HET,True,14
True,HET,HET,44,25,19,30,0,100.0,HET,True,12
True,HET,HET,34,17,17,24,0,99.0,HET,True,14
True,HET,HET,54,28,26,27,0,100.0,HET,True,14
True,HET,HET,34,15,19,20,0,100.0,HET,True,14
True,HET,HET,30,11,19,15,0,100.0,HET,True,12
True,HET,HET,61,21,40,15,0,99.0,HET,True,10
True,HET,HET,43,24,19,29,0,100.0,HET,True,13
True,HET,HET,52,21,31,19,0,100.0,HET,True,14
False,HET,REF,33,33,0,23,0,,REF,False,3
True,HET,HET,35,21,14,30,0,100.0,HET,True,12
True,HET,HET,60,34,26,31,0,99.0,HET,True,11
True,HET,HET,38,17,21,21,0,99.0,HET,True,14
True,HET,HET,54,31,23,31,0,100.0,HET,True,11
True,HET,HET,38,22,16,30,0,100.0,HET,True,12
True,HET,HET,35,23,12,23,0,100.0,HET,True,14
True,HET,HET,30,12,18,17,0,100.0,HET,True,13
True,HET,HET,34,17,17,24,0,99.0,HET,True,14
True,HET,HET,32,11,21,14,0,100.0,HET,True,11
True,HET,HET,48,22,26,22,0,100.0,HET,True,14
True,HET,HET,22,10,12,20,0,99.0,HET,True,14
True,HET,HET,51,28,23,29,0,97.0,HET,True,12
True,HET,HET,20,6,14,10,0,93.0,HET,True,7
True,HET,HET,20,14,6,15,0,99.0,HET,True,13
True,HET,HET,36,14,22,17,0,100.0,HET,True,13
True,HET,HET,24,10,14,18,0,98.0,HET,True,13
False,HET,HOM,44,0,44,27,0,93.0,HOM,False,3
False,HET,HOM,44,0,44,27,0,78.0,HOM,False,3
True,HET,HET,23,13,10,27,0,100.0,HET,True,14
True,HET,HET,12,7,5,21,0,99.0,HET,True,14
True,HET,HET,38,18,20,23,0,100.0,HET,True,14
False,HET,REF,42,42,0,25,0,,REF,False,3
True,HET,HET,42,21,21,25,0,100.0,HET,True,14
True,HET,HET,14,10,4,12,16,96.0,HET,True,12
True,HET,HET,38,18,20,23,0,99.0,HET,True,14
True,HET,HET,23,8,15,14,0,99.0,HET,True,11
True,HET,HET,36,20,16,28,0,100.0,HET,True,14
True,HET,HET,38,19,19,24,0,100.0,HET,True,14
True,HET,HET,51,23,28,22,0,99.0,HET,True,14
True,HET,HET,35,19,16,27,0,99.0,HET,True,14
True,HET,HET,42,23,19,28,0,100.0,HET,True,13
True,HET,HET,54,21,33,18,0,100.0,HET,True,13
True,HET,HET,63,28,35,22,0,99.0,HET,True,14
True,HET,HET,33,19,14,29,0,98.0,HET,True,13
True,HET,HET,42,23,19,28,0,99.0,HET,True,13
False,HET,HOM,24,0,24,22,0,97.0,HOM,False,2
False,HET,REF,26,26,0,22,0,100.0,REF,False,3
True,HET,HET,20,11,9,25,0,91.0,HET,True,14
True,HET,HET,54,27,27,25,0,100.0,HET,True,14
True,HET,HET,55,24,31,21,0,100.0,HET,True,14
True,HET,HET,40,21,19,26,0,100.0,HET,True,14
True,HET,HET,29,16,13,27,0,100.0,HET,True,14
True,HET,HET,44,23,21,26,0,100.0,HET,True,14
True,HET,HET,23,11,12,21,0,100.0,HET,True,14
True,HET,HET,43,22,21,26,0,99.0,HET,True,14
True,HET,HET,56,31,25,29,0,100.0,HET,True,12
True,HET,HET,20,5,15,7,0,100.0,HET,True,6
True,HET,HET,41,20,21,24,0,99.0,HET,True,14
True,HET,HET,48,28,20,31,0,99.0,HET,True,11
False,HET,REF,34,34,0,24,0,96.0,REF,False,2
True,HET,HET,35,13,22,16,0,100.0,HET,True,12
True,HET,HET,46,25,21,28,0,100.0,HET,True,13
True,HET,HET,40,25,15,28,0,100.0,HET,True,12
True,HET,HET,24,14,10,28,0,100.0,HET,True,14
True,HET,HET,56,25,31,22,0,99.0,HET,True,14
True,HET,HET,42,22,20,26,0,100.0,HET,True,14
False,HET,REF,52,52,0,27,0,,REF,False,3
False,HET,REF,46,46,0,26,0,92.0,REF,False,3
True,HET,HET,38,17,21,21,0,94.0,HET,True,14
True,HET,HET,29,12,17,18,0,96.0,HET,True,13
True,HET,HET,42,19,23,22,0,100.0,HET,True,14
True,HET,HET,40,15,25,16,0,100.0,HET,True,13
True,HET,HET,43,20,23,23,0,100.0,HET,True,14
True,HET,HET,54,29,25,28,0,100.0,HET,True,13
True,HET,HET,48,21,27,21,0,100.0,HET,True,14
False,HET,REF,28,28,0,22,0,90.0,REF,False,3
True,HET,HET,49,19,30,18,0,96.0,HET,True,13
False,HET,REF,12,12,0,16,0,75.0,REF,False,13
True,HET,HET,37,14,23,16,0,100.0,HET,True,13
True,HET,HET,15,10,5,16,0,96.0,HET,True,14
True,HET,HET,38,22,16,30,0,96.0,HET,True,12
True,HET,HET,42,15,27,15,0,99.0,HET,True,12
True,HET,HET,32,15,17,22,32,90.0,HET,True,14
True,HET,HET,63,40,23,30,0,100.0,HET,True,11
True,HET,HET,56,37,19,26,0,100.0,HET,True,14
True,HET,HET,39,18,21,22,0,100.0,HET,True,14
True,HET,HET,48,29,19,32,0,99.0,HET,True,10
True,HET,HET,28,15,13,26,0,100.0,HET,True,14
True,HET,HET,46,29,17,28,0,96.0,HET,True,12
True,HET,HET,31,13,18,19,0,100.0,HET,True,14
True,HET,HET,37,20,17,27,0,100.0,HET,True,14
True,HET,HET,44,20,24,22,0,99.0,HET,True,14
True,HET,HET,32,31,1,16,25,94.0,REF,False,14
True,HET,HET,37,27,10,15,0,100.0,HET,True,12
True,HET,HET,46,24,22,27,0,99.0,HET,True,14
True,HET,HET,48,31,17,27,0,98.0,HET,True,14
True,HET,HET,22,13,9,27,0,100.0,HET,True,14
True,HET,HET,15,7,8,19,0,97.0,HET,True,14
True,HET,HET,42,19,23,22,0,99.0,HET,True,14
True,HET,HET,37,18,19,24,0,100.0,HET,True,14
True,HET,HET,31,20,11,24,0,100.0,HET,True,14
True,HET,HET,51,30,21,32,0,99.0,HET,True,11
False,HET,REF,38,38,0,25,0,94.0,REF,False,3
True,HET,HET,21,11,10,24,0,90.0,HET,True,14
True,HET,HET,32,16,16,24,0,100.0,HET,True,14
False,HET,REF,33,33,0,23,0,99.0,REF,False,3
False,HET,REF,23,23,0,21,0,,REF,False,2
True,HET,HET,36,17,19,22,0,94.0,HET,True,14
True,HET,HET,17,8,9,20,0,99.0,HET,True,14
True,HET,HET,55,27,28,25,0,100.0,HET,True,14
True,HET,HET,44,25,19,30,0,100.0,HET,True,12
True,HET,HET,7,1,6,0,2,98.0,HET,True,4
True,HET,HET,54,27,27,25,0,98.0,HET,True,14
True,HET,HET,39,21,18,27,0,97.0,HET,True,14
True,HET,HET,34,15,19,20,0,94.0,HET,True,14
False,HET,HOM,6,0,6,11,0,94.0,HOM,False,5
True,HET,HET,38,25,13,24,0,99.0,HET,True,14
True,HET,HET,36,14,22,17,0,98.0,HET,True,13
True,HET,HET,35,15,20,20,0,97.0,HET,True,14
True,HET,HET,42,14,28,14,0,97.0,HET,True,9
True,HET,HET,49,26,23,27,0,100.0,HET,True,13
True,HET,HET,59,21,38,16,0,93.0,HET,True,12
True,HET,HET,51,31,20,32,0,99.0,HET,True,9
True,HET,HET,37,20,17,27,0,99.0,HET,True,14
False,HET,REF,32,32,0,23,0,,REF,False,4
True,HET,HET,31,15,16,23,0,100.0,HET,True,14
True,HET,HET,42,22,20,26,0,100.0,HET,True,14
True,HET,HET,58,33,25,31,0,99.0,HET,True,11
True,HET,HET,48,27,21,30,0,93.0,HET,True,12
True,HET,HET,31,11,20,15,0,100.0,HET,True,12
True,HET,HET,15,8,7,22,0,99.0,HET,True,14
True,HET,HET,37,19,18,25,0,100.0,HET,True,14
True,HET,HET,41,23,18,29,0,100.0,HET,True,13
True,HET,HET,42,35,7,3,10,100.0,REF,False,2
True,HET,HET,44,23,21,26,0,100.0,HET,True,14
True,HET,HET,28,14,14,23,0,100.0,HET,True,14
False,HET,REF,41,41,0,25,0,100.0,REF,False,3
True,HET,HET,57,33,24,31,0,100.0,HET,True,10
True,HET,HET,27,15,12,27,0,94.0,HET,True,14
True,HET,HET,45,19,26,20,0,100.0,HET,True,14
True,HET,HET,15,8,7,22,0,93.0,HET,True,14
False,HET,REF,34,34,0,24,0,,REF,False,2
True,HET,HET,24,15,9,24,0,100.0,HET,True,14
True,HET,HET,44,22,22,25,0,97.0,HET,True,14
True,HET,HET,15,6,9,15,0,99.0,HET,True,12
True,HET,HET,45,30,15,24,0,99.0,HET,True,14
True,HET,HET,34,16,18,22,0,100.0,HET,True,14
False,HET,REF,36,36,0,24,0,,REF,False,3
True,HET,HET,42,18,24,20,0,99.0,HET,True,14
False,HET,REF,48,48,0,26,0,,REF,False,3
True,HET,HET,49,27,22,29,0,99.0,HET,True,12
True,HET,HET,33,14,19,19,0,100.0,HET,True,14
True,HET,HET,22,14,8,22,0,96.0,HET,True,14
True,HET,HET,41,25,16,30,0,100.0,HET,True,11
True,HET,HET,48,23,25,24,0,100.0,HET,True,14
True,HET,HET,48,25,23,27,0,99.0,HET,True,14
True,HET,HET,42,27,15,26,0,99.0,HET,True,14
True,HET,HET,53,27,26,26,0,97.0,HET,True,14
False,HET,REF,43,43,0,26,0,99.0,REF,False,3
True,HET,HET,32,17,15,26,0,99.0,HET,True,14
True,HET,HET,36,17,19,22,0,100.0,HET,True,14
False,HET,HOM,34,0,34,25,0,96.0,HOM,False,3
True,HET,HET,33,15,18,21,0,89.0,HET,True,14
True,HET,HET,24,10,14,18,0,99.0,HET,True,13
True,HET,HET,25,12,13,22,0,99.0,HET,True,14
True,HET,HET,27,14,13,24,32,90.0,HET,True,14
False,HET,REF,37,37,0,24,0,97.0,REF,False,4
True,HET,HET,34,12,22,15,0,99.0,HET,True,12
True,HET,HET,30,13,17,19,0,95.0,HET,True,14
True,HET,HET,34,18,16,26,0,99.0,HET,True,14
True,HET,HET,19,4,15,5,2,100.0,HET,True,5
False,HET,REF,12,12,0,16,0,99.0,REF,False,13
False,HET,REF,13,13,0,16,0,,REF,False,14
True,HET,HET,47,25,22,27,0,94.0,HET,True,14
True,HET,HET,42,25,17,32,0,99.0,HET,True,11
True,HET,HET,28,13,15,21,0,99.0,HET,True,14
False,HET,REF,32,32,0,23,0,,REF,False,4
True,HET,HET,42,26,16,29,0,99.0,HET,True,11
True,HET,HET,44,28,16,27,0,99.0,HET,True,13
True,HET,HET,51,25,26,25,0,99.0,HET,True,14
False,HET,REF,44,44,0,26,0,91.0,REF,False,3
False,HET,REF,17,17,0,18,0,63.0,REF,False,14
True,HET,HET,38,19,19,24,0,98.0,HET,True,14
False,HET,REF,59,59,0,28,0,,REF,False,3
True,HET,HET,42,22,20,26,0,100.0,HET,True,14
True,HET,HET,44,21,23,23,0,99.0,HET,True,14
True,HET,HET,10,6,4,18,16,98.0,HET,True,14
False,HET,REF,29,29,0,22,0,100.0,REF,False,2
True,HET,HET,18,10,8,25,0,93.0,HET,True,14
False,HET,REF,6,6,0,11,0,66.0,REF,False,5
True,HET,HET,41,24,17,31,0,99.0,HET,True,12
True,HET,HET,55,23,32,20,0,99.0,HET,True,14
False,HET,REF,1,1,0,3,6,99.0,REF,False,3
True,HET,HET,31,18,13,29,0,94.0,HET,True,13
True,HET,HET,28,15,13,26,0,97.0,HET,True,14
True,HET,HET,16,11,5,15,0,98.0,HET,True,13
True,HET,HET,55,21,34,17,0,99.0,HET,True,13
True,HET,HET,18,9,9,22,0,99.0,HET,True,14
True,HET,HET,18,8,10,18,0,94.0,HET,True,13
True,HET,HET,14,4,10,9,0,99.0,HET,True,6
True,HET,HET,51,28,23,29,0,100.0,HET,True,12
False,HET,REF,29,29,0,22,0,84.0,REF,False,2
True,HET,HET,17,11,6,19,0,100.0,HET,True,14
True,HET,HET,34,22,12,24,0,99.0,HET,True,14
False,HET,REF,40,40,0,25,0,,REF,False,3
False,HET,REF,8,8,0,13,0,90.0,REF,False,8
False,HET,HOM,27,3,24,3,2,96.0,HOM,False,5
True,HET,HET,40,19,21,23,0,100.0,HET,True,14
True,HET,HET,34,14,20,18,0,99.0,HET,True,13
True,HET,HET,49,28,21,30,0,95.0,HET,True,11
True,HET,HET,40,21,19,26,0,99.0,HET,True,14
True,HET,HET,35,17,18,23,0,99.0,HET,True,14
True,HET,HET,44,18,26,19,0,100.0,HET,True,14
True,HET,HET,37,26,11,18,0,92.0,HET,True,13
True,HET,HET,38,21,17,28,0,99.0,HET,True,13
True,HET,HET,21,9,12,18,0,98.0,HET,True,13
True,HET,HET,46,28,18,31,0,100.0,HET,True,10
True,HET,HET,44,21,23,23,0,97.0,HET,True,14
True,HET,HET,47,25,22,27,0,99.0,HET,True,14
True,HET,HET,19,12,7,21,0,96.0,HET,True,14
True,HET,HET,38,17,21,21,0,96.0,HET,True,14
True,HET,HET,22,10,12,20,0,94.0,HET,True,14
False,HET,REF,21,21,0,20,0,97.0,REF,False,7
True,HET,HET,54,23,31,20,0,100.0,HET,True,14
True,HET,HET,49,28,21,30,0,98.0,HET,True,11
True,HET,HET,27,14,13,24,0,100.0,HET,True,14
True,HET,HET,38,18,20,23,0,99.0,HET,True,14
True,HET,HET,42,22,20,26,0,96.0,HET,True,14
True,HET,HET,35,18,17,25,0,96.0,HET,True,14
True,HET,HET,29,15,14,25,0,99.0,HET,True,14
False,HET,REF,26,26,0,22,0,97.0,REF,False,3
True,HET,HET,26,16,10,26,0,100.0,HET,True,14
False,HET,REF,27,27,0,22,0,,REF,False,3
False,HET,REF,30,30,0,23,0,97.0,REF,False,3
True,HET,HET,37,21,16,29,0,100.0,HET,True,13
False,HET,REF,45,45,0,26,0,,REF,False,3
True,HET,HET,26,8,18,11,0,99.0,HET,True,7
True,HET,HET,46,19,27,19,0,97.0,HET,True,14
True,HET,HET,48,22,26,22,0,99.0,HET,True,14
True,HET,HET,18,11,7,23,0,94.0,HET,True,14
True,HET,HET,44,18,26,19,0,99.0,HET,True,14
False,HET,HOM,59,12,47,5,3,99.0,HOM,False,4
False,HET,HOM,23,0,23,21,0,98.0,HOM,False,2
False,HET,REF,42,42,0,25,0,,REF,False,3
True,HET,HET,54,27,27,25,0,99.0,HET,True,14
True,HET,HET,32,14,18,20,0,99.0,HET,True,14
True,HET,HET,34,20,14,30,0,100.0,HET,True,12
False,HET,REF,29,29,0,22,0,96.0,REF,False,2
True,HET,HET,29,12,17,18,32,89.0,HET,True,13
True,HET,HET,44,24,20,28,0,96.0,HET,True,13
True,HET,HET,36,19,17,26,0,90.0,HET,True,14
True,HET,HET,39,18,21,22,0,99.0,HET,True,14
True,HET,HET,56,26,30,23,0,99.0,HET,True,14
True,HET,HET,41,29,12,18,0,99.0,HET,True,13
True,HET,HET,38,16,22,19,0,100.0,HET,True,14
True,HET,HET,29,16,13,27,0,94.0,HET,True,14
True,HET,HET,37,18,19,24,0,96.0,HET,True,14
True,HET,HET,40,15,25,16,0,100.0,HET,True,13
True,HET,HET,32,15,17,22,0,100.0,HET,True,14
True,HET,HET,46,25,21,28,0,100.0,HET,True,13
True,HET,HET,44,23,21,26,0,100.0,HET,True,14
True,HET,HET,24,10,14,18,0,99.0,HET,True,13
False,HET,HOM,37,0,37,25,0,96.0,HOM,False,3
True,HET,HET,47,20,27,20,0,99.0,HET,True,14
True,HET,HET,26,12,14,21,0,100.0,HET,True,14
True,HET,HET,70,34,36,25,0,99.0,HET,True,14
True,HET,HET,39,24,15,29,0,100.0,HET,True,11
True,HET,HET,36,20,16,28,0,99.0,HET,True,14
True,HET,HET,25,12,13,22,0,93.0,HET,True,14
True,HET,HET,47,18,29,17,0,99.0,HET,True,13
True,HET,HET,32,14,18,20,0,99.0,HET,True,14
True,HET,HET,47,21,26,21,0,99.0,HET,True,14
True,HET,HET,54,31,23,31,0,97.0,HET,True,11
True,HET,HET,42,22,20,26,0,94.0,HET,True,14
True,HET,HET,31,16,15,25,0,99.0,HET,True,14
False,HET,HOM,34,0,34,25,0,99.0,HOM,False,3
False,HET,REF,33,33,0,23,0,96.0,REF,False,3
False,HET,REF,57,57,0,28,0,99.0,REF,False,3
False,HET,HOM,46,11,35,7,1,100.0,HET,True,3
True,HET,HET,44,19,25,20,0,100.0,HET,True,14
True,HET,HET,38,26,12,21,0,99.0,HET,True,14
True,HET,HET,29,15,14,25,0,100.0,HET,True,14
True,HET,HET,31,12,19,17,0,99.0,HET,True,13
True,HET,HET,9,6,3,12,16,97.0,HET,True,13
True,HET,HET,26,9,17,14,0,88.0,HET,True,11
True,HET,HET,48,28,20,31,0,99.0,HET,True,11
True,HET,HET,22,8,14,14,0,99.0,HET,True,12
True,HET,HET,25,15,10,27,0,94.0,HET,True,14
True,HET,HET,43,19,24,21,0,100.0,HET,True,14
False,HET,HOM,42,0,42,26,0,94.0,HOM,False,3
True,HET,HET,49,19,30,18,0,99.0,HET,True,13
True,HET,HET,39,19,20,24,0,100.0,HET,True,14
False,HET,HOM,21,0,21,20,0,95.0,HOM,False,4
True,HET,HET,38,20,18,26,0,99.0,HET,True,14
True,HET,HET,31,19,12,27,0,100.0,HET,True,12
True,HET,HET,20,8,12,16,0,94.0,HET,True,13
True,HET,HET,31,17,14,27,0,97.0,HET,True,14
True,HET,HET,34,12,22,15,0,99.0,HET,True,12
False,HET,REF,25,25,0,21,0,90.0,REF,False,2
False,HET,REF,2,2,0,5,6,98.0,REF,False,4
True,HET,HET,33,24,9,15,0,100.0,HET,True,12
True,HET,HET,50,28,22,30,0,100.0,HET,True,12
True,HET,HET,31,18,13,29,0,99.0,HET,True,13
True,HET,HET,31,17,14,27,0,100.0,HET,True,14
False,HET,HOM,27,0,27,23,0,93.0,HOM,False,3
True,HET,HET,46,17,29,16,0,99.0,HET,True,12
True,HET,HET,33,21,12,25,0,98.0,HET,True,14
False,HET,REF,8,8,0,13,0,95.0,REF,False,8
True,HET,HET,6,4,2,10,16,89.0,HET,True,12
True,HET,HET,32,20,12,26,0,92.0,HET,True,13
False,HET,REF,37,37,0,24,0,99.0,REF,False,4
True,HET,HET,17,11,6,19,0,99.0,HET,True,14
True,HET,HET,47,27,20,30,0,99.0,HET,True,11
False,HET,REF,32,32,0,23,0,,REF,False,4
True,HET,HET,54,28,26,27,0,100.0,HET,True,14
True,HET,HET,59,32,27,29,0,99.0,HET,True,12
False,HET,REF,34,34,0,24,0,100.0,REF,False,2
True,HET,HET,49,26,23,27,0,100.0,HET,True,13
True,HET,HET,17,10,7,24,0,99.0,HET,True,14
True,HET,HET,45,26,19,31,0,99.0,HET,True,11
False,HET,REF,35,35,0,24,0,,REF,False,3
True,HET,HET,45,21,24,23,0,99.0,HET,True,14
True,HET,HET,40,21,19,26,0,99.0,HET,True,14
True,HET,HET,44,19,25,20,0,99.0,HET,True,14
True,HET,HET,23,11,12,21,0,100.0,HET,True,14
True,HET,HET,62,26,36,20,0,100.0,HET,True,14
True,HET,HET,51,27,24,27,0,100.0,HET,True,13
True,HET,HET,26,15,11,28,0,99.0,HET,True,14
True,HET,HET,40,11,29,10,0,99.0,HET,True,6
True,HET,HET,26,12,14,21,0,100.0,HET,True,14
False,HET,REF,62,62,0,29,0,,REF,False,3
True,HET,HET,57,34,23,33,0,100.0,HET,True,9
True,HET,HET,30,14,16,22,0,98.0,HET,True,14
False,HET,REF,30,30,0,23,0,82.0,REF,False,3
False,HET,REF,42,39,3,10,0,100.0,REF,False,14
True,HET,HET,45,25,20,29,0,95.0,HET,True,13
True,HET,HET,34,11,23,13,0,100.0,HET,True,8
True,HET,HET,29,18,11,26,0,99.0,HET,True,13
True,HET,HET,45,24,21,27,0,100.0,HET,True,14
False,HET,REF,40,40,0,25,0,95.0,REF,False,3
True,HET,HET,44,25,19,30,0,100.0,HET,True,12
True,HET,HET,32,23,9,16,0,95.0,HET,True,13
True,HET,HET,54,28,26,27,0,100.0,HET,True,14
True,HET,HET,25,13,12,24,0,100.0,HET,True,14
True,HET,HET,21,9,12,18,0,100.0,HET,True,13
True,HET,HET,41,22,19,27,0,100.0,HET,True,14
True,HET,HET,43,20,23,23,0,100.0,HET,True,14
False,HET,REF,63,63,0,29,0,,REF,False,3
True,HET,HET,48,31,17,27,0,99.0,HET,True,14
True,HET,HET,22,12,10,25,0,94.0,HET,True,14
True,HET,HET,42,17,25,18,0,100.0,HET,True,13
True,HET,HET,30,14,16,22,0,100.0,HET,True,14
False,HET,REF,9,9,0,13,0,98.0,REF,False,10
True,HET,HET,52,29,23,30,0,100.0,HET,True,12
True,HET,HET,34,22,12,24,0,93.0,HET,True,14
True,HET,HET,39,20,19,25,0,100.0,HET,True,14
True,HET,HET,64,39,25,33,0,99.0,HET,True,7
True,HET,HET,24,14,10,28,0,100.0,HET,True,14
False,HET,HOM,18,0,18,19,0,93.0,HOM,False,13
True,HET,HET,42,25,17,32,0,100.0,HET,True,11
True,HET,HET,23,15,8,21,0,99.0,HET,True,14
True,HET,HET,43,25,18,31,0,100.0,HET,True,12
True,HET,HET,24,13,11,25,0,99.0,HET,True,14
False,HET,HOM,8,0,8,13,0,91.0,HOM,False,8
True,HET,HET,36,17,19,22,0,100.0,HET,True,14
True,HET,HET,35,23,12,23,0,100.0,HET,True,14
False,HET,REF,11,11,0,15,0,93.0,REF,False,12
True,HET,HET,36,11,25,12,0,100.0,HET,True,6
False,HET,HOM,39,0,39,26,0,98.0,HOM,False,3
False,HET,HOM,26,0,26,22,0,97.0,HOM,False,3
True,HET,HET,47,20,27,20,0,100.0,HET,True,14
True,HET,HET,28,10,18,15,0,99.0,HET,True,12
True,HET,HET,20,15,5,10,0,97.0,HET,True,10
True,HET,HET,45,18,27,18,0,99.0,HET,True,13
True,HET,HET,28,14,14,23,0,99.0,HET,True,14
False,HET,REF,27,27,0,22,0,95.0,REF,False,3
True,HET,HET,31,17,14,27,0,99.0,HET,True,14
True,HET,HET,51,25,26,25,0,95.0,HET,True,14
True,HET,HET,27,9,18,13,0,99.0,HET,True,10
True,HET,HET,31,16,15,25,0,99.0,HET,True,14
True,HET,HET,41,39,2,13,25,98.0,REF,False,13
True,HET,HET,44,24,20,28,0,99.0,HET,True,13
True,HET,HET,38,18,20,23,0,94.0,HET,True,14
True,HET,HET,20,12,8,25,0,95.0,HET,True,14
True,HET,HET,18,9,9,22,0,99.0,HET,True,14
False,HET,REF,35,35,0,24,0,,REF,False,3
False,HET,HOM,44,0,44,27,0,97.0,HOM,False,3
False,HET,REF,45,45,0,26,0,,REF,False,3
True,HET,HET,17,11,6,19,0,93.0,HET,True,14
True,HET,HET,51,28,23,29,0,100.0,HET,True,12
True,HET,HET,31,13,18,19,0,99.0,HET,True,14
True,HET,HET,50,23,27,23,0,100.0,HET,True,14
True,HET,HET,19,5,14,8,0,95.0,HET,True,5
True,HET,HET,36,20,16,28,0,99.0,HET,True,14
True,HET,HET,29,15,14,25,0,96.0,HET,True,14
True,HET,HET,35,18,17,25,0,99.0,HET,True,14
True,HET,HET,41,24,17,31,0,100.0,HET,True,12
False,HET,HOM,30,0,30,23,0,95.0,HOM,False,4
True,HET,HET,61,26,35,21,0,100.0,HET,True,14
True,HET,HET,30,18,12,29,0,92.0,HET,True,13
True,HET,HET,56,29,27,27,0,99.0,HET,True,14
True,HET,HET,54,29,25,28,0,99.0,HET,True,13
True,HET,HET,56,28,28,26,0,97.0,HET,True,14
True,HET,HET,37,25,12,21,0,99.0,HET,True,14
True,HET,HET,26,24,2,8,25,99.0,REF,False,6
True,HET,HET,30,15,15,24,0,100.0,HET,True,14
False,HET,REF,61,61,0,28,0,89.0,REF,False,3
True,HET,HET,37,27,10,15,0,97.0,HET,True,12
False,HET,REF,34,34,0,24,0,94.0,REF,False,2
True,HET,HET,57,33,24,31,0,100.0,HET,True,10
True,HET,HET,22,10,12,20,0,99.0,HET,True,14
True,HET,HET,49,32,17,26,0,97.0,HET,True,14
True,HET,HET,49,25,24,26,0,99.0,HET,True,14
True,HET,HET,52,22,30,20,0,100.0,HET,True,14
True,HET,HET,49,25,24,26,0,100.0,HET,True,14
True,HET,HET,56,26,30,23,0,98.0,HET,True,14
True,HET,HET,57,33,24,31,0,100.0,HET,True,10
True,HET,HET,39,23,16,31,0,99.0,HET,True,12
True,HET,HET,35,14,21,18,0,100.0,HET,True,13
False,HET,REF,19,19,0,19,0,96.0,REF,False,12
False,HET,REF,48,48,0,26,0,,REF,False,3
True,HET,HET,34,17,17,24,0,99.0,HET,True,14
True,HET,HET,25,18,7,14,0,99.0,HET,True,13
True,HET,HET,38,18,20,23,0,99.0,HET,True,14
True,HET,HET,24,11,13,20,0,100.0,HET,True,14
False,HET,HOM,47,0,47,27,0,99.0,HOM,False,3
True,HET,HET,50,30,20,33,0,100.0,HET,True,10
True,HET,HET,58,24,34,20,0,99.0,HET,True,14
True,HET,HET,40,25,15,28,0,100.0,HET,True,12
True,HET,HET,45,17,28,17,0,100.0,HET,True,13
True,HET,HET,43,23,20,27,0,100.0,HET,True,14
True,HET,HET,51,28,23,29,0,100.0,HET,True,12
True,HET,HET,41,21,20,26,0,99.0,HET,True,14
True,HET,HET,33,16,17,23,0,100.0,HET,True,14
False,HET,REF,53,53,0,27,0,100.0,REF,False,3
True,HET,HET,34,14,20,18,0,100.0,HET,True,13
True,HET,HET,17,8,9,20,0,97.0,HET,True,14
True,HET,HET,28,11,17,17,0,99.0,HET,True,13
False,HET,REF,34,34,0,24,0,,REF,False,2
True,HET,HET,47,21,26,21,0,100.0,HET,True,14
False,HET,REF,21,21,0,20,0,93.0,REF,False,7
True,HET,HET,48,17,31,15,0,100.0,HET,True,12
True,HET,HET,19,11,8,26,0,99.0,HET,True,14
True,HET,HET,6,5,1,0,58,61.0,HET,True,6
True,HET,HET,39,26,13,23,0,99.0,HET,True,14
True,HET,HET,38,16,22,19,0,100.0,HET,True,14
True,HET,HET,44,25,19,30,0,99.0,HET,True,12
True,HET,HET,40,25,15,28,0,100.0,HET,True,12
False,HET,REF,40,40,0,25,0,92.0,REF,False,3
True,HET,HET,41,19,22,22,0,96.0,HET,True,14
True,HET,HET,38,20,18,26,0,99.0,HET,True,14
True,HET,HET,55,23,32,20,0,95.0,HET,True,14
True,HET,HET,31,6,25,4,2,99.0,HET,True,2
True,HET,HET,52,25,27,24,0,99.0,HET,True,14
True,HET,HET,34,22,12,24,0,94.0,HET,True,14
True,HET,HET,46,29,17,28,0,100.0,HET,True,12
True,HET,HET,46,21,25,22,0,100.0,HET,True,14
False,HET,REF,35,35,0,24,0,89.0,REF,False,3
True,HET,HET,50,20,30,18,0,98.0,HET,True,13
True,HET,HET,34,20,14,30,0,100.0,HET,True,12
True,HET,HET,44,25,19,30,0,100.0,HET,True,12
True,HET,HET,15,7,8,19,0,94.0,HET,True,14
True,HET,HET,51,27,24,27,0,99.0,HET,True,13
True,HET,HET,44,25,19,30,0,91.0,HET,True,12
True,HET,HET,56,20,36,16,0,100.0,HET,True,12
True,HET,HET,17,11,6,19,0,100.0,HET,True,14
False,HET,REF,40,40,0,25,0,,REF,False,3
True,HET,HET,23,14,9,25,0,100.0,HET,True,14
True,HET,HET,46,23,23,25,0,100.0,HET,True,14
False,HET,REF,40,40,0,25,0,98.0,REF,False,3
True,HET,HET,39,19,20,24,0,100.0,HET,True,14
False,HET,REF,49,49,0,27,0,,REF,False,3
True,HET,HET,18,10,8,25,0,100.0,HET,True,14
True,HET,HET,25,13,12,24,0,99.0,HET,True,14
True,HET,HET,64,31,33,25,0,100.0,HET,True,14
True,HET,HET,25,11,14,19,0,100.0,HET,True,14
True,HET,HET,44,25,19,30,0,98.0,HET,True,12
True,HET,HET,28,16,12,28,0,99.0,HET,True,14
True,HET,HET,22,14,8,22,0,96.0,HET,True,14
False,HET,REF,11,11,0,15,0,94.0,REF,False,12
True,HET,HET,26,14,12,26,0,97.0,HET,True,14
True,HET,HET,36,16,20,21,0,100.0,HET,True,14
True,HET,HET,55,31,24,30,0,97.0,HET,True,11
True,HET,HET,53,20,33,17,0,100.0,HET,True,13
True,HET,HET,20,8,12,16,0,96.0,HET,True,13
False,HET,REF,40,40,0,25,0,,REF,False,3
True,HET,HET,29,14,15,22,0,100.0,HET,True,14
True,HET,HET,15,12,3,5,18,94.0,HET,True,5
False,HET,REF,39,39,0,25,0,,REF,False,3
True,HET,HET,24,15,9,24,0,89.0,HET,True,14
False,HET,REF,31,31,0,23,0,94.0,REF,False,4
True,HET,HET,43,21,22,24,0,99.0,HET,True,14
True,HET,HET,42,20,22,23,0,99.0,HET,True,14
True,HET,HET,34,17,17,24,0,99.0,HET,True,14
True,HET,HET,18,10,8,25,0,99.0,HET,True,14
True,HET,HET,37,20,17,27,0,100.0,HET,True,14
True,HET,HET,37,20,17,27,0,99.0,HET,True,14
True,HET,HET,22,20,2,6,25,100.0,REF,False,5
True,HET,HET,22,14,8,22,0,100.0,HET,True,14
True,HET,HET,48,18,30,17,0,100.0,HET,True,13
True,HET,HET,31,19,12,27,0,100.0,HET,True,12
False,HET,REF,50,50,0,27,0,,REF,False,3
True,HET,HET,14,9,5,18,0,97.0,HET,True,14
True,HET,HET,45,28,17,29,0,100.0,HET,True,11
True,HET,HET,5,2,3,11,16,100.0,HET,True,8
True,HET,HET,22,12,10,25,0,97.0,HET,True,14
False,HET,REF,19,19,0,19,0,96.0,REF,False,12
False,HET,REF,56,56,0,28,0,,REF,False,3
True,HET,HET,12,7,5,21,0,93.0,HET,True,14
True,HET,HET,29,16,13,27,0,99.0,HET,True,14
True,HET,HET,47,26,21,29,0,100.0,HET,True,12
True,HET,HET,36,20,16,28,0,100.0,HET,True,14
True,HET,HET,29,13,16,20,0,100.0,HET,True,14
True,HET,HET,20,10,10,22,0,95.0,HET,True,14
True,HET,HET,19,11,8,26,0,99.0,HET,True,14
True,HET,HET,42,21,21,25,0,98.0,HET,True,14
False,HET,HOM,33,0,33,24,0,95.0,HOM,False,2
True,HET,HET,28,11,17,17,0,99.0,HET,True,13
True,HET,HET,48,28,20,31,0,100.0,HET,True,11
True,HET,HET,37,17,20,22,0,99.0,HET,True,14
True,HET,HET,34,18,16,26,0,100.0,HET,True,14
True,HET,HET,57,25,32,21,0,95.0,HET,True,14
False,HET,HOM,22,5,17,6,33,64.0,HET,True,5
True,HET,HET,38,20,18,26,0,99.0,HET,True,14
True,HET,HET,44,20,24,22,0,100.0,HET,True,14
True,HET,HET,36,18,18,24,0,99.0,HET,True,14
True,HET,HET,63,38,25,34,0,95.0,HET,True,8
True,HET,HET,33,20,13,29,0,100.0,HET,True,12
False,HET,REF,23,23,0,21,0,98.0,REF,False,2
True,HET,HET,36,10,26,10,0,100.0,HET,True,5
True,HET,HET,46,23,23,25,0,100.0,HET,True,14
True,HET,HET,30,12,18,17,0,97.0,HET,True,13
True,HET,HET,26,12,14,21,0,100.0,HET,True,14
False,HET,REF,34,34,0,24,0,100.0,REF,False,2
True,HET,HET,18,10,8,25,0,99.0,HET,True,14
True,HET,HET,50,28,22,30,0,99.0,HET,True,12
True,HET,HET,24,14,10,28,0,99.0,HET,True,14
False,HET,REF,18,18,0,19,0,,REF,False,14
True,HET,HET,56,26,30,23,0,99.0,HET,True,14
True,HET,HET,42,20,22,23,0,100.0,HET,True,14
True,HET,HET,44,21,23,23,0,99.0,HET,True,14
True,HET,HET,48,29,19,32,0,100.0,HET,True,10
True,HET,HET,57,28,29,25,0,99.0,HET,True,14
True,HET,HET,39,19,20,24,0,100.0,HET,True,14
True,HET,HET,23,12,11,24,0,96.0,HET,True,14
False,HET,REF,38,34,4,5,2,95.0,REF,False,6
True,HET,HET,30,12,18,17,0,99.0,HET,True,13
True,HET,HET,43,25,18,31,0,100.0,HET,True,12
True,HET,HET,51,23,28,22,0,100.0,HET,True,14
False,HET,REF,39,39,0,25,0,91.0,REF,False,3
True,HET,HET,54,36,18,25,0,99.0,HET,True,14
True,HET,HET,38,22,16,30,0,99.0,HET,True,12
False,HET,REF,11,11,0,15,0,93.0,REF,False,12
True,HET,HET,23,14,9,25,0,100.0,HET,True,14
True,HET,HET,28,17,11,27,0,99.0,HET,True,13
True,HET,HET,12,8,4,15,16,99.0,HET,True,13
True,HET,HET,45,20,25,21,0,99.0,HET,True,14
True,HET,HET,49,18,31,16,0,100.0,HET,True,12
False,HET,REF,37,37,0,24,0,99.0,REF,False,4
True,HET,HET,26,7,19,9,0,97.0,HET,True,5
True,HET,HET,27,16,11,28,0,98.0,HET,True,14
True,HET,HET,36,18,18,24,0,100.0,HET,True,14
True,HET,HET,53,24,29,22,0,100.0,HET,True,14
True,HET,HET,33,13,20,17,0,99.0,HET,True,13
True,HET,HET,44,17,27,17,0,100.0,HET,True,13
True,HET,HET,33,20,13,29,0,100.0,HET,True,12
True,HET,HET,46,21,25,22,0,96.0,HET,True,14
True,HET,HET,16,3,13,3,2,96.0,HET,True,4
True,HET,HET,44,17,27,17,0,100.0,HET,True,13
False,HET,REF,29,29,0,22,0,96.0,REF,False,2
True,HET,HET,31,15,16,23,0,99.0,HET,True,14
True,HET,HET,14,7,7,20,0,99.0,HET,True,14
True,HET,HET,39,20,19,25,0,100.0,HET,True,14
True,HET,HET,44,25,19,30,0,99.0,HET,True,12
True,HET,HET,36,16,20,21,0,99.0,HET,True,14
True,HET,HET,30,12,18,17,0,100.0,HET,True,13
True,HET,HET,31,14,17,21,0,96.0,HET,True,14
True,HET,HET,44,21,23,23,0,100.0,HET,True,14
True,HET,HET,58,24,34,20,0,100.0,HET,True,14
True,HET,HET,43,21,22,24,0,100.0,HET,True,14
False,HET,REF,6,6,0,11,0,66.0,REF,False,5
False,HET,REF,21,21,0,20,0,87.0,REF,False,7
False,HET,HOM,22,0,22,21,0,95.0,HOM,False,2
False,HET,REF,29,29,0,22,0,89.0,REF,False,2
True,HET,HET,52,29,23,30,0,99.0,HET,True,12
False,HET,REF,33,33,0,23,0,,REF,False,3
True,HET,HET,32,19,13,30,0,100.0,HET,True,13
True,HET,HET,19,7,12,14,0,99.0,HET,True,12
True,HET,HET,46,26,20,30,0,100.0,HET,True,12
False,HET,REF,44,44,0,26,0,,REF,False,3
True,HET,HET,33,18,15,27,0,93.0,HET,True,14
True,HET,HET,18,10,8,25,0,93.0,HET,True,14
True,HET,HET,24,11,13,20,0,96.0,HET,True,14
False,HET,REF,28,28,0,22,0,,REF,False,3
True,HET,HET,36,20,16,28,0,100.0,HET,True,14
True,HET,HET,12,4,8,11,0,94.0,HET,True,8
False,HET,REF,33,33,0,23,0,99.0,REF,False,3
True,HET,HET,28,14,14,23,0,91.0,HET,True,14
True,HET,HET,28,10,18,15,0,97.0,HET,True,12
True,HET,HET,31,16,15,25,0,99.0,HET,True,14
False,HET,REF,44,38,6,1,2,99.0,REF,False,6
True,HET,HET,26,12,14,21,0,97.0,HET,True,14
True,HET,HET,39,19,20,24,0,99.0,HET,True,14
False,HET,REF,28,28,0,22,0,96.0,REF,False,3
True,HET,HET,35,13,22,16,0,98.0,HET,True,12
True,HET,HET,36,24,12,22,0,99.0,HET,True,14
False,HET,REF,54,54,0,27,0,,REF,False,3
True,HET,HET,45,23,22,26,0,99.0,HET,True,14
False,HET,REF,6,6,0,11,0,61.0,REF,False,5
True,HET,HET,14,5,9,13,0,97.0,HET,True,11
False,HET,REF,36,36,0,24,0,99.0,REF,False,3
True,HET,HET,29,9,20,12,0,73.0,HET,True,7
True,HET,HET,42,24,18,30,0,99.0,HET,True,12
True,HET,HET,19,11,8,26,0,99.0,HET,True,14
False,HET,REF,52,52,0,27,0,,REF,False,3
True,HET,HET,48,31,17,27,0,100.0,HET,True,14
False,HET,REF,43,43,0,26,0,,REF,False,3
True,HET,HET,38,24,14,27,0,94.0,HET,True,13
False,HET,REF,36,36,0,24,0,95.0,REF,False,3
False,HET,REF,33,33,0,23,0,,REF,False,3
True,HET,HET,19,10,9,23,0,100.0,HET,True,14
True,HET,HET,41,23,18,29,0,100.0,HET,True,13
True,HET,HET,45,25,20,29,0,100.0,HET,True,13
True,HET,HET,32,16,16,24,0,100.0,HET,True,14
False,HET,REF,33,33,0,23,0,88.0,REF,False,3
True,HET,HET,14,4,10,9,0,97.0,HET,True,6
True,HET,HET,35,20,15,29,0,94.0,HET,True,13
True,HET,HET,29,17,12,29,0,99.0,HET,True,13
True,HET,HET,32,13,19,18,0,97.0,HET,True,13
True,HET,HET,47,22,25,23,0,99.0,HET,True,14
False,HET,REF,39,39,0,25,0,94.0,REF,False,3
True,HET,HET,42,22,20,26,0,96.0,HET,True,14
True,HET,HET,20,10,10,22,0,93.0,HET,True,14
True,HET,HET,50,25,25,25,0,99.0,HET,True,14
True,HET,HET,15,6,9,15,0,100.0,HET,True,12
False,HET,REF,45,45,0,26,0,,REF,False,3
True,HET,HET,45,22,23,24,0,100.0,HET,True,14
True,HET,HET,29,19,10,22,0,99.0,HET,True,14
True,HET,HET,25,8,17,12,0,91.0,HET,True,8
True,HET,HET,17,9,8,23,0,99.0,HET,True,14
True,HET,HET,55,24,31,21,0,98.0,HET,True,14
False,HET,REF,56,56,0,28,0,100.0,REF,False,3
True,HET,HET,13,8,5,19,0,99.0,HET,True,14
True,HET,HET,50,32,18,28,0,100.0,HET,True,13
True,HET,HET,39,18,21,22,0,99.0,HET,True,14
False,HET,REF,42,42,0,25,0,,REF,False,3
True,HET,HET,33,14,19,19,0,97.0,HET,True,14
True,HET,HET,19,7,12,14,0,99.0,HET,True,12
True,HET,HET,2,1,1,9,20,98.0,HET,True,6
True,HET,HET,39,19,20,24,0,96.0,HET,True,14
True,HET,HET,32,14,18,20,0,95.0,HET,True,14
True,HET,HET,33,18,15,27,0,100.0,HET,True,14
True,HET,HET,42,22,20,26,0,100.0,HET,True,14
True,HET,HET,39,14,25,15,32,81.0,HET,True,12
False,HET,REF,62,62,0,29,0,,REF,False,3
True,HET,HET,45,32,13,18,0,100.0,HET,True,13
False,HET,REF,38,38,0,25,0,,REF,False,3
True,HET,HET,39,18,21,22,0,100.0,HET,True,14
True,HET,HET,41,22,19,27,0,100.0,HET,True,14
True,HET,HET,46,19,27,19,0,100.0,HET,True,14
False,HET,REF,16,16,0,18,0,86.0,REF,False,14
True,HET,HET,50,18,32,16,0,99.0,HET,True,12
True,HET,HET,52,31,21,32,0,99.0,HET,True,10
True,HET,HET,25,17,8,18,0,91.0,HET,True,14
True,HET,HET,62,31,31,26,0,100.0,HET,True,14
True,HET,HET,38,21,17,28,0,100.0,HET,True,13
True,HET,HET,44,17,27,17,0,100.0,HET,True,13
True,HET,HET,48,28,20,31,0,98.0,HET,True,11
True,HET,HET,18,7,11,15,0,98.0,HET,True,12
True,HET,HET,44,22,22,25,0,92.0,HET,True,14
True,HET,HET,28,12,16,19,0,97.0,HET,True,14
True,HET,HET,26,12,14,21,0,99.0,HET,True,14
True,HET,HET,37,26,11,18,0,96.0,HET,True,13
True,HET,HET,40,20,20,25,0,100.0,HET,True,14
True,HET,HET,53,27,26,26,0,99.0,HET,True,14
False,HET,HOM,44,0,44,27,0,78.0,HOM,False,3
True,HET,HET,27,13,14,22,0,99.0,HET,True,14
True,HET,HET,37,15,22,18,0,99.0,HET,True,13
True,HET,HET,48,23,25,24,0,100.0,HET,True,14
False,HET,REF,42,42,0,25,0,,REF,False,3
True,HET,HET,20,10,10,22,0,97.0,HET,True,14
True,HET,HET,13,6,7,18,0,99.0,HET,True,13
True,HET,HET,28,18,10,23,0,96.0,HET,True,14
True,HET,HET,45,18,27,18,0,100.0,HET,True,13
True,HET,HET,22,14,8,22,0,99.0,HET,True,14
False,HET,REF,8,8,0,13,0,99.0,REF,False,8
True,HET,HET,28,14,14,23,0,90.0,HET,True,14
False,HET,REF,36,36,0,24,0,,REF,False,3
True,HET,HET,49,26,23,27,0,100.0,HET,True,13
True,HET,HET,22,10,12,20,0,100.0,HET,True,14
True,HET,HET,34,19,15,28,0,99.0,HET,True,14
True,HET,HET,33,16,17,23,0,99.0,HET,True,14
True,HET,HET,48,24,24,25,0,100.0,HET,True,14
True,HET,HET,37,21,16,29,0,100.0,HET,True,13
True,HET,HET,28,12,16,19,0,88.0,HET,True,14
True,HET,HET,39,16,23,19,0,98.0,HET,True,14
True,HET,HET,41,23,18,29,0,100.0,HET,True,13
True,HET,HET,32,18,14,28,0,100.0,HET,True,14
True,HET,HET,54,29,25,28,0,100.0,HET,True,13
True,HET,HET,27,12,15,20,0,100.0,HET,True,14
False,HET,REF,25,25,0,21,0,95.0,REF,False,2
True,HET,HET,24,15,9,24,0,97.0,HET,True,14
True,HET,HET,29,12,17,18,0,96.0,HET,True,13
False,HET,REF,6,6,0,11,0,,REF,False,5
True,HET,HET,16,10,6,20,0,86.0,HET,True,14
True,HET,HET,9,7,2,5,18,97.0,HET,True,6
True,HET,HET,43,20,23,23,0,100.0,HET,True,14
True,HET,HET,41,22,19,27,0,99.0,HET,True,14
False,HET,REF,64,64,0,29,0,100.0,REF,False,3
True,HET,HET,36,20,16,28,0,94.0,HET,True,14
True,HET,HET,37,23,14,28,0,100.0,HET,True,12
False,HET,REF,33,33,0,23,0,,REF,False,3
True,HET,HET,18,15,3,2,26,97.0,HET,True,5
False,HET,REF,40,40,0,25,0,99.0,REF,False,3
True,HET,HET,42,23,19,28,0,99.0,HET,True,13
True,HET,HET,19,11,8,26,32,90.0,HET,True,14
True,HET,HET,31,17,14,27,0,100.0,HET,True,14
False,HET,REF,41,41,0,25,0,,REF,False,3
True,HET,HET,29,16,13,27,0,100.0,HET,True,14
False,HET,REF,38,38,0,25,0,94.0,REF,False,3
False,HET,REF,32,32,0,23,0,93.0,REF,False,4
True,HET,HET,60,37,23,32,0,99.0,HET,True,7
True,HET,HET,39,22,17,29,0,99.0,HET,True,13
True,HET,HET,26,14,12,26,0,97.0,HET,True,14
False,HET,REF,1,1,0,3,6,98.0,REF,False,3
True,HET,HET,49,27,22,29,0,100.0,HET,True,12
True,HET,HET,37,26,11,18,0,100.0,HET,True,13
False,HET,HOM,21,0,21,20,0,99.0,HOM,False,4
True,HET,HET,41,18,23,21,0,100.0,HET,True,14
False,HET,HOM,32,0,32,24,0,98.0,HOM,False,3
True,HET,HET,32,20,12,26,0,99.0,HET,True,13
True,HET,HET,45,27,18,32,0,94.0,HET,True,11
True,HET,HET,24,10,14,18,0,94.0,HET,True,13
True,HET,HET,46,31,15,23,0,100.0,HET,True,14
True,HET,HET,6,3,3,15,16,80.0,HET,True,12
True,HET,HET,40,21,19,26,32,80.0,HET,True,14
True,HET,HET,25,17,8,18,0,100.0,HET,True,14
False,HET,REF,26,26,0,22,0,,REF,False,3
True,HET,HET,26,11,15,18,0,100.0,HET,True,14
True,HET,HET,41,19,22,22,0,100.0,HET,True,14
True,HET,HET,41,27,14,24,0,100.0,HET,True,14
True,HET,HET,18,8,10,18,0,100.0,HET,True,13
True,HET,HET,30,17,13,28,0,100.0,HET,True,14
True,HET,HET,43,22,21,26,0,100.0,HET,True,14
True,HET,HET,50,27,23,28,0,100.0,HET,True,13
True,HET,HET,59,27,32,23,0,100.0,HET,True,14
True,HET,HET,41,25,16,30,0,100.0,HET,True,11
True,HET,HET,39,21,18,27,0,93.0,HET,True,14
True,HET,HET,17,9,8,23,0,100.0,HET,True,14
True,HET,HET,57,28,29,25,0,100.0,HET,True,14
False,HET,REF,16,16,0,18,0,98.0,REF,False,14
False,HET,REF,26,26,0,22,0,81.0,REF,False,3
True,HET,HET,36,14,22,17,0,100.0,HET,True,13
False,HET,HOM,28,0,28,23,0,95.0,HOM,False,2
True,HET,HET,25,12,13,22,0,98.0,HET,True,14
False,HET,REF,49,49,0,27,0,100.0,REF,False,3
True,HET,HET,61,26,35,21,0,99.0,HET,True,14
True,HET,HET,39,18,21,22,0,99.0,HET,True,14
True,HET,HET,28,17,11,27,0,99.0,HET,True,13
False,HET,REF,30,30,0,23,0,,REF,False,3
True,HET,HET,52,31,21,32,0,100.0,HET,True,10
False,HET,REF,31,31,0,23,0,,REF,False,4
True,HET,HET,29,13,16,20,0,100.0,HET,True,14
True,HET,HET,49,23,26,23,0,100.0,HET,True,14
True,HET,HET,26,13,13,23,0,97.0,HET,True,14
False,HET,REF,26,26,0,22,0,96.0,REF,False,3
True,HET,HET,47,23,24,24,32,84.0,HET,True,14
True,HET,HET,48,23,25,24,0,99.0,HET,True,14
True,HET,HET,26,15,11,28,0,100.0,HET,True,14
True,HET,HET,43,23,20,27,0,100.0,HET,True,14
True,HET,HET,33,24,9,15,32,88.0,HET,True,12
True,HET,HET,4,2,2,13,20,97.0,HET,True,10
True,HET,HET,42,17,25,18,0,99.0,HET,True,13
True,HET,HET,41,18,23,21,0,100.0,HET,True,14
False,HET,REF,3,3,0,7,4,95.0,REF,False,5
True,HET,HET,59,36,23,33,0,100.0,HET,True,8
True,HET,HET,9,5,4,20,16,95.0,HET,True,14
False,HET,REF,44,44,0,26,0,100.0,REF,False,3
True,HET,HET,50,26,24,27,0,100.0,HET,True,14
True,HET,HET,43,22,21,26,0,91.0,HET,True,14
True,HET,HET,48,24,24,25,0,100.0,HET,True,14
True,HOM,HOM,21,0,21,20,0,99.0,HOM,True,4
True,HOM,HOM,49,0,49,28,0,99.0,HOM,True,3
True,HOM,HOM,33,0,33,24,0,100.0,HOM,True,2
True,HOM,HOM,60,4,56,9,0,99.0,HOM,True,3
True,HOM,HOM,45,0,45,27,0,99.0,HOM,True,3
True,HOM,HOM,44,0,44,27,0,100.0,HOM,True,3
True,HOM,HOM,37,0,37,25,0,99.0,HOM,True,3
True,HOM,HOM,51,3,48,10,0,99.0,HOM,True,2
True,HOM,HOM,11,0,11,15,0,99.0,HOM,True,13
True,HOM,HOM,43,0,43,27,0,100.0,HOM,True,3
True,HOM,HOM,47,0,47,27,0,99.0,HOM,True,3
False,HOM,REF,41,41,0,25,0,100.0,REF,False,3
True,HOM,HOM,25,0,25,22,0,92.0,HOM,True,3
True,HOM,HOM,26,0,26,22,0,100.0,HOM,True,3
True,HOM,HOM,37,0,37,25,0,99.0,HOM,True,3
True,HOM,HOM,49,0,49,28,0,100.0,HOM,True,3
True,HOM,HOM,44,0,44,27,0,100.0,HOM,True,3
True,HOM,HOM,45,0,45,27,0,100.0,HOM,True,3
True,HOM,HOM,46,0,46,27,0,99.0,HOM,True,3
True,HOM,HOM,37,0,37,25,0,100.0,HOM,True,3
True,HOM,HOM,35,0,35,25,0,100.0,HOM,True,4
True,HOM,HOM,21,0,21,20,0,82.0,HOM,True,4
True,HOM,HOM,38,0,38,26,0,99.0,HOM,True,3
True,HOM,HOM,39,0,39,26,0,99.0,HOM,True,3
True,HOM,HOM,36,0,36,25,0,99.0,HOM,True,3
True,HOM,HOM,32,0,32,24,0,93.0,HOM,True,3
False,HOM,REF,39,39,0,25,0,,REF,False,3
False,HOM,REF,25,25,0,21,0,,REF,False,2
True,HOM,HOM,30,0,30,23,0,100.0,HOM,True,4
True,HOM,HOM,21,0,21,20,0,97.0,HOM,True,4
True,HOM,HOM,61,0,61,30,0,99.0,HOM,True,3
True,HOM,HOM,48,0,48,28,0,99.0,HOM,True,3
True,HOM,HOM,35,0,35,25,0,100.0,HOM,True,4
True,HOM,HOM,40,0,40,26,0,95.0,HOM,True,3
True,HOM,HOM,31,0,31,24,0,99.0,HOM,True,4
True,HOM,HOM,34,0,34,25,0,100.0,HOM,True,3
True,HOM,HOM,40,0,40,26,0,100.0,HOM,True,3
True,HOM,HOM,49,0,49,28,0,99.0,HOM,True,3
True,HOM,HOM,34,0,34,25,0,100.0,HOM,True,3
True,HOM,HOM,44,0,44,27,0,100.0,HOM,True,3
True,HOM,HOM,39,0,39,26,0,100.0,HOM,True,3
True,HOM,HOM,54,0,54,29,0,100.0,HOM,True,3
True,HOM,HOM,53,1,52,19,0,95.0,HOM,True,3
True,HOM,HOM,18,0,18,19,0,99.0,HOM,True,13
True,HOM,HOM,46,0,46,27,0,98.0,HOM,True,3
True,HOM,HOM,32,0,32,24,0,99.0,HOM,True,3
True,HOM,HOM,35,0,35,25,0,100.0,HOM,True,4
True,HOM,HOM,28,0,28,23,0,100.0,HOM,True,2
True,HOM,HOM,56,0,56,29,0,99.0,HOM,True,3
True,HOM,HOM,54,0,54,29,0,99.0,HOM,True,3
True,HOM,HOM,45,0,45,27,0,99.0,HOM,True,3
True,HOM,HOM,24,0,24,22,0,100.0,HOM,True,2
True,HOM,HOM,39,0,39,26,0,100.0,HOM,True,3
False,HOM,HET,16,10,6,20,0,83.0,HET,False,14
False,HOM,REF,15,15,0,17,0,94.0,REF,False,14
True,HOM,HOM,38,0,38,26,0,100.0,HOM,True,3
True,HOM,HOM,44,0,44,27,0,100.0,HOM,True,3
True,HOM,HOM,22,0,22,21,0,94.0,HOM,True,2
True,HOM,HOM,26,0,26,22,0,99.0,HOM,True,3
True,HOM,HOM,46,0,46,27,0,93.0,HOM,True,3
True,HOM,HOM,33,0,33,24,0,99.0,HOM,True,2
False,HOM,REF,45,45,0,26,0,,REF,False,3
True,HOM,HOM,25,0,25,22,0,100.0,HOM,True,3
True,HOM,HOM,42,1,41,17,0,100.0,HOM,True,2
True,HOM,HOM,35,0,35,25,0,100.0,HOM,True,4
True,HOM,HOM,40,0,40,26,0,99.0,HOM,True,3
True,HOM,HOM,53,0,53,29,0,100.0,HOM,True,3
True,HOM,HOM,31,0,31,24,0,100.0,HOM,True,4
False,HOM,HET,51,23,28,22,0,94.0,HET,False,14
True,HOM,HOM,46,0,46,27,0,100.0,HOM,True,3
True,HOM,HOM,28,0,28,23,0,100.0,HOM,True,2
True,HOM,HOM,47,0,47,27,0,99.0,HOM,True,3
True,HOM,HOM,41,0,41,26,0,99.0,HOM,True,3
True,HOM,HOM,23,0,23,21,0,97.0,HOM,True,2
False,HOM,REF,61,61,0,28,0,,REF,False,3
True,HOM,HOM,24,0,24,22,0,99.0,HOM,True,2
True,HOM,HOM,38,5,33,1,2,100.0,HOM,True,6
True,HOM,HOM,16,0,16,18,0,100.0,HOM,True,14
True,HOM,HOM,38,0,38,26,0,99.0,HOM,True,3
True,HOM,HOM,48,0,48,28,0,99.0,HOM,True,3
True,HOM,HOM,40,0,40,26,0,99.0,HOM,True,3
True,HOM,HOM,27,0,27,23,0,100.0,HOM,True,3
True,HOM,HOM,63,0,63,30,0,99.0,HOM,True,3
True,HOM,HOM,55,0,55,29,0,99.0,HOM,True,3
True,HOM,HOM,44,0,44,27,0,100.0,HOM,True,3
True,HOM,HOM,40,0,40,26,0,99.0,HOM,True,3
True,HOM,HOM,51,0,51,28,0,100.0,HOM,True,3
True,HOM,HOM,21,0,21,20,0,100.0,HOM,True,4
False,HOM,HET,27,10,17,15,0,99.0,HET,False,12
True,HOM,HOM,45,0,45,27,0,100.0,HOM,True,3
True,HOM,HOM,19,0,19,20,0,100.0,HOM,True,11
True,HOM,HOM,40,0,40,26,0,100.0,HOM,True,3
True,HOM,HOM,37,0,37,25,0,100.0,HOM,True,3
False,HOM,REF,46,46,0,26,0,,REF,False,3
True,HOM,HOM,47,0,47,27,0,100.0,HOM,True,3
True,HOM,HOM,29,0,29,23,0,99.0,HOM,True,3
True,HOM,HOM,48,0,48,28,0,100.0,HOM,True,3
True,HOM,HOM,34,0,34,25,0,99.0,HOM,True,3
True,HOM,HOM,46,0,46,27,0,99.0,HOM,True,3
True,HOM,HOM,29,0,29,23,0,99.0,HOM,True,3
True,HOM,HOM,49,0,49,28,0,100.0,HOM,True,3
True,HOM,HOM,54,0,54,29,0,99.0,HOM,True,3
True,HOM,HOM,47,0,47,27,0,96.0,HOM,True,3
True,HOM,HOM,42,0,42,26,0,100.0,HOM,True,3
True,HOM,HOM,29,0,29,23,0,100.0,HOM,True,3
True,HOM,HOM,38,0,38,26,0,100.0,HOM,True,3
True,HOM,HOM,30,0,30,23,0,100.0,HOM,True,4
False,HOM,REF,40,40,0,25,0,,REF,False,3
True,HOM,HOM,40,0,40,26,0,100.0,HOM,True,3
True,HOM,HOM,26,0,26,22,0,94.0,HOM,True,3
True,HOM,HOM,26,0,26,22,0,98.0,HOM,True,3
True,HOM,HOM,50,0,50,28,0,99.0,HOM,True,3
True,HOM,HOM,43,0,43,27,0,99.0,HOM,True,3
True,HOM,HOM,39,0,39,26,0,100.0,HOM,True,3
True,HOM,HOM,36,0,36,25,0,96.0,HOM,True,3
True,HOM,HOM,46,0,46,27,0,100.0,HOM,True,3
True,HOM,HOM,53,1,52,19,0,100.0,HOM,True,3
True,HOM,HOM,59,0,59,30,0,99.0,HOM,True,3
True,HOM,HOM,32,0,32,24,0,95.0,HOM,True,3
True,HOM,HOM,47,0,47,27,0,100.0,HOM,True,3
True,HOM,HOM,36,0,36,25,0,100.0,HOM,True,3
True,HOM,HOM,60,0,60,30,0,99.0,HOM,True,3
True,HOM,HOM,50,0,50,28,0,99.0,HOM,True,3
False,HOM,HET,49,30,19,31,0,93.0,HET,False,9
True,HOM,HOM,53,0,53,29,0,96.0,HOM,True,3
True,HOM,HOM,30,0,30,23,0,100.0,HOM,True,4
True,HOM,HOM,34,0,34,25,0,99.0,HOM,True,3
True,HOM,HOM,26,0,26,22,0,100.0,HOM,True,3
True,HOM,HOM,48,2,46,13,0,100.0,HOM,True,3
False,HOM,REF,52,52,0,27,0,,REF,False,3
True,HOM,HOM,54,0,54,29,0,99.0,HOM,True,3
True,HOM,HOM,36,0,36,25,0,96.0,HOM,True,3
True,HOM,HOM,37,0,37,25,0,100.0,HOM,True,3
True,HOM,HOM,23,0,23,21,0,99.0,HOM,True,2
True,HOM,HOM,29,0,29,23,0,96.0,HOM,True,3
True,HOM,HOM,27,0,27,23,0,99.0,HOM,True,3
True,HOM,HOM,38,1,37,16,0,99.0,HOM,True,2
True,HOM,HOM,48,0,48,28,0,100.0,HOM,True,3
True,HOM,HOM,56,0,56,29,0,100.0,HOM,True,3
True,HOM,HOM,30,0,30,23,0,98.0,HOM,True,4
False,HOM,REF,62,62,0,29,0,,REF,False,3
True,HOM,HOM,42,0,42,26,0,95.0,HOM,True,3
True,HOM,HOM,27,0,27,23,0,100.0,HOM,True,3
True,HOM,HOM,26,0,26,22,0,100.0,HOM,True,3
True,HOM,HOM,42,0,42,26,0,100.0,HOM,True,3
True,HOM,HOM,46,0,46,27,0,100.0,HOM,True,3
True,HOM,HOM,48,0,48,28,0,99.0,HOM,True,3
True,HOM,HOM,36,0,36,25,0,92.0,HOM,True,3
False,HOM,REF,20,20,0,19,0,93.0,REF,False,11
True,HOM,HOM,47,0,47,27,0,100.0,HOM,True,3
True,HOM,HOM,40,0,40,26,0,100.0,HOM,True,3
True,HOM,HOM,50,0,50,28,0,99.0,HOM,True,3
True,HOM,HOM,9,0,9,14,0,93.0,HOM,True,11
False,HOM,REF,29,28,1,15,0,95.0,REF,False,14
True,HOM,HOM,49,0,49,28,0,100.0,HOM,True,3
False,HOM,REF,51,51,0,27,0,,REF,False,3
True,HOM,HOM,22,0,22,21,0,98.0,HOM,True,2
False,HOM,REF,39,39,0,25,0,,REF,False,3
True,HOM,HOM,42,1,41,17,0,100.0,HOM,True,2
True,HOM,HOM,42,0,42,26,0,99.0,HOM,True,3
True,HOM,HOM,33,0,33,24,0,99.0,HOM,True,2
True,HOM,HOM,51,0,51,28,0,100.0,HOM,True,3
True,HOM,HOM,41,0,41,26,0,100.0,HOM,True,3
False,HOM,HET,56,30,26,28,0,100.0,HET,False,13
True,HOM,HOM,25,0,25,22,0,100.0,HOM,True,3
True,HOM,HOM,45,0,45,27,0,100.0,HOM,True,3
True,HOM,HOM,54,0,54,29,0,99.0,HOM,True,3
True,HOM,HOM,47,0,47,27,0,98.0,HOM,True,3
True,HOM,HOM,43,0,43,27,0,99.0,HOM,True,3
True,HOM,HOM,82,0,82,33,0,99.0,HOM,True,3
True,HOM,HOM,16,0,16,18,0,93.0,HOM,True,14
True,HOM,HOM,39,0,39,26,0,100.0,HOM,True,3
True,HOM,HOM,47,0,47,27,0,100.0,HOM,True,3
True,HOM,HOM,45,0,45,27,0,100.0,HOM,True,3
True,HOM,HOM,63,0,63,30,0,100.0,HOM,True,3
True,HOM,HOM,17,0,17,19,0,98.0,HOM,True,14
True,HOM,HOM,37,0,37,25,0,100.0,HOM,True,3
True,HOM,HOM,27,0,27,23,0,100.0,HOM,True,3
False,HOM,REF,40,40,0,25,0,,REF,False,3
True,HOM,HOM,57,0,57,29,0,99.0,HOM,True,3
True,HOM,HOM,43,0,43,27,0,100.0,HOM,True,3
True,HOM,HOM,34,0,34,25,0,100.0,HOM,True,3
True,HOM,HOM,29,0,29,23,0,99.0,HOM,True,3
True,HOM,HOM,21,0,21,20,0,99.0,HOM,True,4
True,HOM,HOM,32,0,32,24,0,99.0,HOM,True,3
True,HOM,HOM,46,0,46,27,0,100.0,HOM,True,3
True,HOM,HOM,42,0,42,26,0,98.0,HOM,True,3
True,HOM,HOM,22,0,22,21,0,99.0,HOM,True,2
False,HOM,REF,18,18,0,19,0,94.0,REF,False,14
True,HOM,HOM,53,0,53,29,0,100.0,HOM,True,3
True,HOM,HOM,38,0,38,26,0,99.0,HOM,True,3
True,HOM,HOM,54,0,54,29,0,99.0,HOM,True,3
True,HOM,HOM,27,0,27,23,0,100.0,HOM,True,3
False,HOM,REF,55,55,0,28,0,97.0,REF,False,3
True,HOM,HOM,38,0,38,26,0,100.0,HOM,True,3
True,HOM,HOM,6,0,6,11,0,94.0,HOM,True,5
True,HOM,HOM,17,0,17,19,0,99.0,HOM,True,14
True,HOM,HOM,54,0,54,29,0,99.0,HOM,True,3
True,HOM,HOM,48,0,48,28,0,100.0,HOM,True,3
True,HOM,HOM,48,0,48,28,0,99.0,HOM,True,3
True,HOM,HOM,44,0,44,27,0,100.0,HOM,True,3
True,HOM,HOM,34,1,33,15,0,100.0,HOM,True,4
True,HOM,HOM,26,0,26,22,0,100.0,HOM,True,3
True,HOM,HOM,35,0,35,25,0,100.0,HOM,True,4
True,HOM,HOM,44,0,44,27,0,99.0,HOM,True,3
True,HOM,HOM,56,0,56,29,0,99.0,HOM,True,3
True,HOM,HOM,33,5,28,0,3,99.0,HOM,True,6
True,HOM,HOM,34,0,34,25,0,100.0,HOM,True,3
False,HOM,REF,19,19,0,19,0,89.0,REF,False,12
True,HOM,HOM,36,2,34,10,0,100.0,HOM,True,14
True,HOM,HOM,49,0,49,28,0,100.0,HOM,True,3
True,HOM,HOM,31,0,31,24,0,99.0,HOM,True,4
False,HOM,HET,49,36,13,16,0,100.0,HET,False,11
True,HOM,HOM,53,1,52,19,0,99.0,HOM,True,3
True,HOM,HOM,42,0,42,26,0,99.0,HOM,True,3
True,HOM,HOM,47,1,46,18,0,100.0,HOM,True,3
True,HOM,HOM,38,0,38,26,0,100.0,HOM,True,3
True,HOM,HOM,18,0,18,19,0,100.0,HOM,True,13
True,HOM,HOM,52,0,52,28,0,99.0,HOM,True,3
True,HOM,HOM,22,0,22,21,0,99.0,HOM,True,2
True,HOM,HOM,36,0,36,25,0,99.0,HOM,True,3
True,HOM,HOM,40,0,40,26,0,99.0,HOM,True,3
False,HOM,REF,28,28,0,22,0,,REF,False,3
True,HOM,HOM,34,1,33,15,0,100.0,HOM,True,4
True,HOM,HOM,37,0,37,25,0,99.0,HOM,True,3
True,HOM,HOM,43,0,43,27,0,99.0,HOM,True,3
True,HOM,HOM,41,0,41,26,0,100.0,HOM,True,3
True,HOM,HOM,39,0,39,26,0,100.0,HOM,True,3
True,HOM,HOM,39,0,39,26,0,96.0,HOM,True,3
True,HOM,HOM,65,0,65,30,0,99.0,HOM,True,3
True,HOM,HOM,25,0,25,22,0,92.0,HOM,True,3
True,HOM,HOM,21,0,21,20,0,99.0,HOM,True,4
True,HOM,HOM,38,4,34,4,2,100.0,HOM,True,12
False,HOM,REF,42,42,0,25,0,,REF,False,3
True,HOM,HOM,35,0,35,25,0,100.0,HOM,True,4
False,HOM,HET,20,3,17,0,2,96.0,HOM,True,2
True,HOM,HOM,31,0,31,24,0,99.0,HOM,True,4
True,HOM,HOM,45,0,45,27,0,99.0,HOM,True,3
True,HOM,HOM,49,0,49,28,0,99.0,HOM,True,3
True,HOM,HOM,59,0,59,30,0,100.0,HOM,True,3
True,HOM,HOM,61,0,61,30,0,100.0,HOM,True,3
True,HOM,HOM,50,0,50,28,0,100.0,HOM,True,3
True,HOM,HOM,58,0,58,29,0,99.0,HOM,True,3
True,HOM,HOM,30,0,30,23,0,100.0,HOM,True,4
True,HOM,HOM,28,0,28,23,0,100.0,HOM,True,2
True,HOM,HOM,20,0,20,20,0,97.0,HOM,True,8
True,HOM,HOM,38,0,38,26,0,100.0,HOM,True,3
True,HOM,HOM,26,0,26,22,0,99.0,HOM,True,3
True,HOM,HOM,31,4,27,1,2,99.0,HOM,True,5
True,HOM,HOM,55,0,55,29,0,98.0,HOM,True,3
True,HOM,HOM,28,0,28,23,0,100.0,HOM,True,2
False,HOM,REF,40,40,0,25,0,95.0,REF,False,3
False,HOM,HET,29,5,24,2,2,99.0,HOM,True,3
True,HOM,HOM,37,0,37,25,0,99.0,HOM,True,3
True,HOM,HOM,40,0,40,26,0,100.0,HOM,True,3
True,HOM,HOM,31,0,31,24,0,100.0,HOM,True,4
False,HOM,HET,20,7,13,13,0,100.0,HET,False,11
True,HOM,HOM,38,0,38,26,0,100.0,HOM,True,3
False,HOM,REF,38,38,0,25,0,,REF,False,3
True,HOM,HOM,58,0,58,29,0,97.0,HOM,True,3
True,HOM,HOM,33,0,33,24,0,97.0,HOM,True,2
True,HOM,HOM,37,0,37,25,0,98.0,HOM,True,3
True,HOM,HOM,36,0,36,25,0,99.0,HOM,True,3
True,HOM,HOM,40,3,37,7,0,100.0,HOM,True,14
True,HOM,HOM,40,3,37,7,0,100.0,HOM,True,14
True,HOM,HOM,63,0,63,30,0,100.0,HOM,True,3
False,HOM,REF,20,20,0,19,0,98.0,REF,False,11
True,HOM,HOM,45,0,45,27,0,100.0,HOM,True,3
True,HOM,HOM,31,0,31,24,0,99.0,HOM,True,4
True,HOM,HOM,4,0,4,8,20,97.0,HOM,True,6
True,HOM,HOM,31,0,31,24,0,96.0,HOM,True,4
True,HOM,HOM,34,0,34,25,0,99.0,HOM,True,3
True,HOM,HOM,42,0,42,26,0,94.0,HOM,True,3
False,HOM,REF,44,44,0,26,0,92.0,REF,False,3
True,HOM,HOM,38,0,38,26,0,92.0,HOM,True,3
True,HOM,HOM,32,0,32,24,0,99.0,HOM,True,3
True,HOM,HOM,34,0,34,25,0,96.0,HOM,True,3
True,HOM,HOM,59,0,59,30,0,100.0,HOM,True,3
True,HOM,HOM,33,0,33,24,0,98.0,HOM,True,2
True,HOM,HOM,56,0,56,29,0,100.0,HOM,True,3
True,HOM,HOM,19,0,19,20,0,99.0,HOM,True,11
True,HOM,HOM,31,0,31,24,0,99.0,HOM,True,4
False,HOM,HET,62,28,34,22,0,100.0,HET,False,14
True,HOM,HOM,41,0,41,26,0,99.0,HOM,True,3
False,HOM,REF,35,35,0,24,0,,REF,False,3
True,HOM,HOM,43,0,43,27,0,100.0,HOM,True,3
True,HOM,HOM,52,0,52,28,0,99.0,HOM,True,3
True,HOM,HOM,30,0,30,23,0,100.0,HOM,True,4
True,HOM,HOM,42,0,42,26,0,99.0,HOM,True,3
True,HOM,HOM,28,0,28,23,0,100.0,HOM,True,2
False,HOM,REF,26,26,0,22,0,,REF,False,3
True,HOM,HOM,43,0,43,27,0,99.0,HOM,True,3
True,HOM,HOM,43,0,43,27,0,99.0,HOM,True,3
True,HOM,HOM,25,0,25,22,0,100.0,HOM,True,3
True,HOM,HOM,47,0,47,27,0,100.0,HOM,True,3
True,HOM,HOM,47,0,47,27,0,100.0,HOM,True,3
False,HOM,REF,43,43,0,26,0,,REF,False,3
True,HOM,HOM,40,0,40,26,0,93.0,HOM,True,3
True,HOM,HOM,59,0,59,30,0,99.0,HOM,True,3
True,HOM,HOM,23,0,23,21,0,99.0,HOM,True,2
True,HOM,HOM,37,0,37,25,0,100.0,HOM,True,3
True,HOM,HOM,39,0,39,26,0,99.0,HOM,True,3
False,HOM,REF,38,38,0,25,0,,REF,False,3
True,HOM,HOM,54,0,54,29,0,99.0,HOM,True,3
True,HOM,HOM,51,0,51,28,0,99.0,HOM,True,3
True,HOM,HOM,45,0,45,27,0,99.0,HOM,True,3
True,HOM,HOM,39,0,39,26,0,94.0,HOM,True,3
True,HOM,HOM,36,0,36,25,0,99.0,HOM,True,3
True,HOM,HOM,23,0,23,21,0,96.0,HOM,True,2
True,HOM,HOM,50,0,50,28,0,100.0,HOM,True,3
True,HOM,HOM,38,0,38,26,0,94.0,HOM,True,3
False,HOM,REF,42,42,0,25,0,89.0,REF,False,3
True,HOM,HOM,32,7,25,6,1,100.0,HET,False,3
False,HOM,REF,29,29,0,22,0,97.0,REF,False,2
False,HOM,HET,38,32,6,2,10,99.0,REF,False,2
True,HOM,HOM,48,0,48,28,0,99.0,HOM,True,3
True,HOM,HOM,49,0,49,28,0,100.0,HOM,True,3
False,HOM,REF,40,40,0,25,0,,REF,False,3
True,HOM,HOM,54,0,54,29,0,99.0,HOM,True,3
True,HOM,HOM,47,0,47,27,0,95.0,HOM,True,3
True,HOM,HOM,24,0,24,22,0,99.0,HOM,True,2
True,HOM,HOM,14,0,14,17,0,99.0,HOM,True,14
True,HOM,HOM,48,0,48,28,0,99.0,HOM,True,3
False,HOM,REF,42,42,0,25,0,,REF,False,3
True,HOM,HOM,33,0,33,24,0,99.0,HOM,True,2
True,HOM,HOM,40,0,40,26,0,100.0,HOM,True,3
True,HOM,HOM,45,0,45,27,0,99.0,HOM,True,3
True,HOM,HOM,33,0,33,24,0,99.0,HOM,True,2
True,HOM,HOM,38,0,38,26,0,98.0,HOM,True,3
True,HOM,HOM,41,0,41,26,0,99.0,HOM,True,3
False,HOM,REF,35,35,0,24,0,,REF,False,3
True,HOM,HOM,22,0,22,21,0,99.0,HOM,True,2
True,HOM,HOM,25,0,25,22,0,96.0,HOM,True,3
True,HOM,HOM,55,0,55,29,0,100.0,HOM,True,3
True,HOM,HOM,27,0,27,23,0,95.0,HOM,True,3
True,HOM,HOM,39,0,39,26,0,99.0,HOM,True,3
True,HOM,HOM,45,0,45,27,0,100.0,HOM,True,3
False,HOM,REF,24,24,0,21,0,,REF,False,2
True,HOM,HOM,24,0,24,22,0,97.0,HOM,True,2
True,HOM,HOM,14,0,14,17,0,99.0,HOM,True,14
True,HOM,HOM,19,0,19,20,0,100.0,HOM,True,11
True,HOM,HOM,33,0,33,24,0,99.0,HOM,True,2
True,HOM,HOM,44,0,44,27,0,99.0,HOM,True,3
True,HOM,HOM,61,1,60,20,0,100.0,HOM,True,3
True,HOM,HOM,40,0,40,26,0,100.0,HOM,True,3
True,HOM,HOM,52,0,52,28,0,97.0,HOM,True,3
True,HOM,HOM,32,0,32,24,0,99.0,HOM,True,3
False,HOM,REF,23,23,0,21,0,,REF,False,2
True,HOM,HOM,35,0,35,25,0,100.0,HOM,True,4
True,HOM,HOM,21,0,21,20,0,99.0,HOM,True,4
True,HOM,HOM,53,0,53,29,0,100.0,HOM,True,3
False,HOM,REF,44,44,0,26,0,,REF,False,3
False,HOM,REF,43,43,0,26,0,,REF,False,3
True,HOM,HOM,47,0,47,27,0,99.0,HOM,True,3
False,HOM,HET,24,7,17,10,0,99.0,HET,False,6
True,HOM,HOM,50,0,50,28,0,100.0,HOM,True,3
True,HOM,HOM,11,0,11,15,0,100.0,HOM,True,13
True,HOM,HOM,40,0,40,26,0,99.0,HOM,True,3
False,HOM,REF,68,68,0,29,0,,REF,False,3
True,HOM,HOM,51,0,51,28,0,99.0,HOM,True,3
True,HOM,HOM,19,0,19,20,0,100.0,HOM,True,11
True,HOM,HOM,16,0,16,18,0,99.0,HOM,True,14
True,HOM,HOM,31,0,31,24,0,94.0,HOM,True,4
True,HOM,HOM,28,0,28,23,0,99.0,HOM,True,2
True,HOM,HOM,12,0,12,16,0,96.0,HOM,True,13
True,HOM,HOM,57,0,57,29,0,99.0,HOM,True,3
True,HOM,HOM,24,0,24,22,0,100.0,HOM,True,2
True,HOM,HOM,20,0,20,20,0,100.0,HOM,True,8
False,HOM,HET,30,14,16,22,0,99.0,HET,False,14
True,HOM,HOM,17,0,17,19,0,97.0,HOM,True,14
True,HOM,HOM,44,0,44,27,0,99.0,HOM,True,3
True,HOM,HOM,18,0,18,19,0,100.0,HOM,True,13
True,HOM,HOM,25,0,25,22,0,100.0,HOM,True,3
True,HOM,HOM,38,0,38,26,0,99.0,HOM,True,3
True,HOM,HOM,32,0,32,24,0,99.0,HOM,True,3
False,HOM,REF,43,43,0,26,0,90.0,REF,False,3
False,HOM,HET,26,1,25,12,1,93.0,HOM,True,14
True,HOM,HOM,24,0,24,22,0,98.0,HOM,True,2
True,HOM,HOM,38,0,38,26,0,100.0,HOM,True,3
True,HOM,HOM,53,0,53,29,0,99.0,HOM,True,3
True,HOM,HOM,26,0,26,22,0,99.0,HOM,True,3
True,HOM,HOM,24,0,24,22,0,100.0,HOM,True,2
True,HOM,HOM,35,0,35,25,0,99.0,HOM,True,4
True,HOM,HOM,35,0,35,25,0,99.0,HOM,True,4
True,HOM,HOM,32,0,32,24,0,96.0,HOM,True,3
True,HOM,HOM,58,0,58,29,0,99.0,HOM,True,3
True,HOM,HOM,57,0,57,29,0,99.0,HOM,True,3
True,HOM,HOM,29,0,29,23,0,100.0,HOM,True,3
True,HOM,HOM,24,0,24,22,0,99.0,HOM,True,2
True,HOM,HOM,41,0,41,26,0,99.0,HOM,True,3
True,HOM,HOM,20,0,20,20,0,99.0,HOM,True,8
True,HOM,HOM,39,0,39,26,0,99.0,HOM,True,3
True,HOM,HOM,51,0,51,28,0,97.0,HOM,True,3
True,HOM,HOM,25,0,25,22,0,100.0,HOM,True,3
True,HOM,HOM,40,0,40,26,0,93.0,HOM,True,3
True,HOM,HOM,37,0,37,25,0,99.0,HOM,True,3
True,HOM,HOM,38,0,38,26,0,99.0,HOM,True,3
True,HOM,HOM,37,0,37,25,0,99.0,HOM,True,3
True,HOM,HOM,28,0,28,23,0,100.0,HOM,True,2
True,HOM,HOM,38,0,38,26,0,99.0,HOM,True,3
False,HOM,REF,42,42,0,25,0,,REF,False,3
True,HOM,HOM,31,0,31,24,0,98.0,HOM,True,4
True,HOM,HOM,44,0,44,27,0,99.0,HOM,True,3
True,HOM,HOM,33,0,33,24,0,100.0,HOM,True,2
True,HOM,HOM,33,0,33,24,0,89.0,HOM,True,2
True,HOM,HOM,44,0,44,27,0,96.0,HOM,True,3
True,HOM,HOM,40,0,40,26,0,100.0,HOM,True,3
True,HOM,HOM,43,0,43,27,0,99.0,HOM,True,3
True,HOM,HOM,20,0,20,20,0,100.0,HOM,True,8
False,HOM,REF,41,41,0,25,0,,REF,False,3
False,HOM,REF,33,33,0,23,0,,REF,False,3
True,HOM,HOM,61,0,61,30,0,100.0,HOM,True,3
False,HOM,HET,30,13,17,19,0,100.0,HET,False,14
True,HOM,HOM,36,0,36,25,0,99.0,HOM,True,3
True,HOM,HOM,24,0,24,22,0,95.0,HOM,True,2
True,HOM,HOM,32,0,32,24,0,100.0,HOM,True,3
False,HOM,REF,28,28,0,22,0,90.0,REF,False,3
True,HOM,HOM,39,0,39,26,0,99.0,HOM,True,3
True,HOM,HOM,54,0,54,29,0,99.0,HOM,True,3
True,HOM,HOM,41,0,41,26,0,100.0,HOM,True,3
True,HOM,HOM,56,0,56,29,0,100.0,HOM,True,3
True,HOM,HOM,51,0,51,28,0,99.0,HOM,True,3
True,HOM,HOM,20,0,20,20,0,99.0,HOM,True,8
True,HOM,HOM,47,0,47,27,0,99.0,HOM,True,3
True,HOM,HOM,25,0,25,22,0,100.0,HOM,True,3
False,HOM,HET,48,20,28,20,0,100.0,HET,False,14
True,HOM,HOM,27,0,27,23,0,95.0,HOM,True,3
False,HOM,HET,45,7,38,1,2,93.0,HOM,True,5
True,HOM,HOM,35,0,35,25,0,99.0,HOM,True,4
True,HOM,HOM,17,0,17,19,0,98.0,HOM,True,14
True,HOM,HOM,32,0,32,24,0,100.0,HOM,True,3
True,HOM,HOM,26,0,26,22,0,100.0,HOM,True,3
True,HOM,HOM,39,0,39,26,0,100.0,HOM,True,3
True,HOM,HOM,40,0,40,26,0,100.0,HOM,True,3
False,HOM,REF,26,26,0,22,0,100.0,REF,False,3
True,HOM,HOM,33,0,33,24,0,94.0,HOM,True,2
False,HOM,HET,30,6,24,4,2,100.0,HET,False,2
True,HOM,HOM,31,0,31,24,0,99.0,HOM,True,4
True,HOM,HOM,54,0,54,29,0,100.0,HOM,True,3
True,HOM,HOM,51,0,51,28,0,98.0,HOM,True,3
False,HOM,REF,9,9,0,13,0,95.0,REF,False,10
True,HOM,HOM,35,0,35,25,0,97.0,HOM,True,4
False,HOM,HET,43,18,25,19,0,100.0,HET,False,14
True,HOM,HOM,49,0,49,28,0,99.0,HOM,True,3
True,HOM,HOM,37,0,37,25,0,100.0,HOM,True,3
True,HOM,HOM,20,0,20,20,0,97.0,HOM,True,8
True,HOM,HOM,32,0,32,24,0,99.0,HOM,True,3
True,HOM,HOM,20,0,20,20,0,99.0,HOM,True,8
True,HOM,HOM,25,0,25,22,0,99.0,HOM,True,3
True,HOM,HOM,41,0,41,26,0,99.0,HOM,True,3
True,HOM,HOM,43,0,43,27,0,96.0,HOM,True,3
True,HOM,HOM,55,0,55,29,0,100.0,HOM,True,3
False,HOM,REF,46,46,0,26,0,,REF,False,3
True,HOM,HOM,49,0,49,28,0,100.0,HOM,True,3
False,HOM,REF,57,57,0,28,0,,REF,False,3
True,HOM,HOM,54,0,54,29,0,100.0,HOM,True,3
True,HOM,HOM,41,0,41,26,0,99.0,HOM,True,3
True,HOM,HOM,54,0,54,29,0,92.0,HOM,True,3
True,HOM,HOM,17,0,17,19,0,100.0,HOM,True,14
True,HOM,HOM,45,0,45,27,0,99.0,HOM,True,3
True,HOM,HOM,21,0,21,20,0,100.0,HOM,True,4
True,HOM,HOM,48,0,48,28,0,99.0,HOM,True,3
True,HOM,HOM,32,0,32,24,0,100.0,HOM,True,3
True,HOM,HOM,46,0,46,27,0,99.0,HOM,True,3
True,HOM,HOM,49,0,49,28,0,99.0,HOM,True,3
True,HOM,HOM,24,0,24,22,0,100.0,HOM,True,2
True,HOM,HOM,26,0,26,22,0,93.0,HOM,True,3
True,HOM,HOM,35,0,35,25,0,100.0,HOM,True,4
False,HOM,REF,30,30,0,23,0,,REF,False,3
True,HOM,HOM,47,0,47,27,0,100.0,HOM,True,3
True,HOM,HOM,12,0,12,16,0,96.0,HOM,True,13
True,HOM,HOM,33,0,33,24,0,100.0,HOM,True,2
True,HOM,HOM,63,1,62,21,0,100.0,HOM,True,3
True,HOM,HOM,39,0,39,26,0,98.0,HOM,True,3
True,HOM,HOM,54,0,54,29,0,99.0,HOM,True,3
True,HOM,HOM,50,0,50,28,0,99.0,HOM,True,3
True,HOM,HOM,49,0,49,28,0,98.0,HOM,True,3
True,HOM,HOM,18,0,18,19,0,100.0,HOM,True,13
True,HOM,HOM,28,0,28,23,0,99.0,HOM,True,2
True,HOM,HOM,54,0,54,29,0,100.0,HOM,True,3
True,HOM,HOM,53,0,53,29,0,99.0,HOM,True,3
True,HOM,HOM,56,0,56,29,0,98.0,HOM,True,3
True,HOM,HOM,51,0,51,28,0,99.0,HOM,True,3
True,HOM,HOM,24,0,24,22,0,95.0,HOM,True,2
False,HOM,REF,44,44,0,26,0,99.0,REF,False,3
True,HOM,HOM,15,1,14,7,0,98.0,HOM,True,6
True,HOM,HOM,45,0,45,27,0,99.0,HOM,True,3
True,HOM,HOM,41,0,41,26,0,100.0,HOM,True,3
True,HOM,HOM,56,1,55,19,0,93.0,HOM,True,3
True,HOM,HOM,61,0,61,30,0,100.0,HOM,True,3
True,HOM,HOM,41,0,41,26,0,99.0,HOM,True,3
False,HOM,HET,37,19,18,25,0,100.0,HET,False,14
True,HOM,HOM,28,0,28,23,0,100.0,HOM,True,2
True,HOM,HOM,43,0,43,27,0,100.0,HOM,True,3
True,HOM,HOM,48,0,48,28,0,100.0,HOM,True,3
True,HOM,HOM,35,0,35,25,0,100.0,HOM,True,4
True,HOM,HOM,49,0,49,28,0,97.0,HOM,True,3
True,HOM,HOM,37,0,37,25,0,100.0,HOM,True,3
True,HOM,HOM,46,0,46,27,0,99.0,HOM,True,3
True,HOM,HOM,53,0,53,29,0,99.0,HOM,True,3
True,HOM,HOM,44,0,44,27,0,99.0,HOM,True,3
True,HOM,HOM,23,0,23,21,0,96.0,HOM,True,2
True,HOM,HOM,15,0,15,18,0,98.0,HOM,True,14
True,HOM,HOM,46,0,46,27,0,98.0,HOM,True,3
True,HOM,HOM,53,0,53,29,0,98.0,HOM,True,3
True,HOM,HOM,48,0,48,28,0,99.0,HOM,True,3
True,HOM,HOM,45,2,43,12,0,100.0,HOM,True,2
True,HOM,HOM,53,0,53,29,0,100.0,HOM,True,3
True,HOM,HOM,44,2,42,12,0,99.0,HOM,True,2
True,HOM,HOM,38,0,38,26,0,99.0,HOM,True,3
True,HOM,HOM,38,0,38,26,0,97.0,HOM,True,3
True,HOM,HOM,29,0,29,23,0,84.0,HOM,True,3
True,HOM,HOM,17,1,16,8,0,100.0,HOM,True,6
True,HOM,HOM,43,0,43,27,0,100.0,HOM,True,3
True,HOM,HOM,48,0,48,28,0,100.0,HOM,True,3
True,HOM,HOM,26,0,26,22,0,99.0,HOM,True,3
False,HOM,HET,19,4,15,5,2,93.0,HET,False,5
True,HOM,HOM,43,0,43,27,0,98.0,HOM,True,3
True,HOM,HOM,16,0,16,18,0,100.0,HOM,True,14
True,HOM,HOM,30,0,30,23,0,99.0,HOM,True,4
False,HOM,REF,57,57,0,28,0,,REF,False,3
True,HOM,HOM,49,0,49,28,0,100.0,HOM,True,3
True,HOM,HOM,27,0,27,23,0,99.0,HOM,True,3
True,HOM,HOM,39,0,39,26,0,100.0,HOM,True,3
